line_item_id,created_date,deleted,list_price,opportunity_id,opportunity_product_name,price_book_entry_id,product_code,product_id,quantity,sales_price,total_price
00k5h00002zdFzxAAE,11/26/2022T22:48:27.000Z,false,1000,0065h00000IiqteAAB,Pine labs EC-D Armature/Rotor,01u5h000005Rx4LAAS,EC002,01t5h000009BDHOAA4,12,1000,12000
00k5h00002zdFzyAAE,11/26/2022T22:48:27.000Z,false,1000,0065h00000IiqteAAB,Pine labs EC-D Axle,01u5h000005Rx4MAAS,EM005,01t5h000009BDHdAAO,12,1000,12000
00k5h00002zdG0YAAU,11/26/2022T22:48:27.000Z,false,300,0065h00000IiqteAAB,Pine labs EC-D Field Magnet,01u5h000005Rx4zAAC,EM001,01t5h000009BDHJAA4,14,300,4200
00k5h00002zdG0fAAE,11/26/2022T22:48:34.000Z,false,500,0065h00000IihKnAAJ,Publix EC-U Generator Engine,01u5h000005Rx53AAC,GR002,01t5h000009BDIiAAO,1,500,500
00k5h00002zdG0NAAU,11/26/2022T22:48:59.000Z,false,400,0065h00000IiqpHAAR,"United Oil & Gas, Singapore EC-D Battery Plates",01u5h000005Rx4mAAC,BA002,01t5h000009BDHeAAO,18,400,7200
00k5h00002zdG0iAAE,11/26/2022T22:48:59.000Z,false,500,0065h00000IiqpHAAR,"United Oil & Gas, Singapore EC-D Battery Anode",01u5h000005Rx4lAAC,BA003,01t5h000009BDITAA4,18,500,9000
00k5h00002zdG0jAAE,11/26/2022T22:48:59.000Z,false,2000,0065h00000IiqpHAAR,"United Oil & Gas, Singapore EC-D Battery",01u5h000005Rx4kAAC,BA001,01t5h000009BDHnAAO,18,2000,36000
00k5h00002zdG0nAAE,11/26/2022T22:49:06.000Z,false,1000,0065h00000HGjpNAAT,United Oil Installations Armature/Rotor,01u5h000005Rx4LAAS,EC002,01t5h000009BDHOAA4,2,1000,2000
00k5h00002zdG0oAAE,11/26/2022T22:49:06.000Z,false,1000,0065h00000HGjpNAAT,United Oil Installations Axle,01u5h000005Rx4MAAS,EM005,01t5h000009BDHdAAO,2,1000,2000
00k5h00002zdG0kAAE,11/26/2022T22:50:42.000Z,false,1000,0065h00000IiheeAAB,Apple Graphics EC-R Armature/Rotor,01u5h000005Rx4LAAS,EC002,01t5h000009BDHOAA4,12,1000,12000
00k5h00002zdG0lAAE,11/26/2022T22:50:42.000Z,false,1000,0065h00000IiheeAAB,Apple Graphics EC-R Axle,01u5h000005Rx4MAAS,EM005,01t5h000009BDHdAAO,4,1000,4000
00k5h00002zdG0mAAE,11/26/2022T22:50:42.000Z,false,400,0065h00000IiheeAAB,Apple Graphics EC-R Battery Plates,01u5h000005Rx4mAAC,BA002,01t5h000009BDHeAAO,22,400,8800
00k5h00002zdG0pAAE,11/26/2022T22:52:39.000Z,false,3000,0065h00000IihhBAAR,Express Logistics and Transport NC Pump motor,01u5h000005Rx56AAC,PU001,01t5h000009BDInAAO,12,3000,36000
00k5h00002zdG0qAAE,11/26/2022T22:52:39.000Z,false,2000,0065h00000IihhBAAR,Express Logistics and Transport NC Pump casing,01u5h000005Rx55AAC,PU002,01t5h000009BDIsAAO,13,2000,26000
00k5h00002zdG0rAAE,11/26/2022T22:53:11.000Z,false,2000,0065h00000IijWqAAJ,"Google, Inc NC Battery",01u5h000005Rx4kAAC,BA001,01t5h000009BDHnAAO,30,2000,60000
00k5h00002zdG1MAAU,11/26/2022T22:53:11.000Z,false,500,0065h00000IijWqAAJ,"Google, Inc NC Battery Anode",01u5h000005Rx4lAAC,BA003,01t5h000009BDITAA4,20,500,10000
00k5h00002zdG1NAAU,11/26/2022T22:53:11.000Z,false,400,0065h00000IijWqAAJ,"Google, Inc NC Battery Plates",01u5h000005Rx4mAAC,BA002,01t5h000009BDHeAAO,20,400,8000
00k5h00002zdG1bAAE,11/26/2022T22:53:48.000Z,false,1000,0065h00000IiZbWAAV,B&K NC Armature/Rotor,01u5h000005Rx4LAAS,EC002,01t5h000009BDHOAA4,23,1000,23000
00k5h00002zdG1qAAE,11/26/2022T22:57:16.000Z,false,300,0065h00000IiqrhAAB,Init EC-D Field Magnet,01u5h000005Rx4zAAC,EM001,01t5h000009BDHJAA4,12,300,3600
00k5h00002zdG1rAAE,11/26/2022T22:57:16.000Z,false,200,0065h00000IiqrhAAB,Init EC-D Fixed-Base Assembly System,01u5h000005Rx50AAC,,01t5h000006eYvNAAU,22,200,4400
00k5h00002zdG1sAAE,11/26/2022T22:57:16.000Z,false,800,0065h00000IiqrhAAB,Init EC-D Gear Box,01u5h000005Rx51AAC,GE001,01t5h000009BDHKAA4,32,800,25600
00k5h00002zdG1tAAE,11/26/2022T22:57:16.000Z,false,2000,0065h00000IiqrhAAB,Init EC-D Battery,01u5h000005Rx4kAAC,BA001,01t5h000009BDHnAAO,9,2000,18000
00k5h00002zdG1uAAE,11/26/2022T22:59:12.000Z,false,1000,0065h00000IiZpiAAF,Derk Construction EC-R Armature/Rotor,01u5h000005Rx4LAAS,EC002,01t5h000009BDHOAA4,24,1000,24000
00k5h00002zdG25AAE,11/26/2022T22:59:12.000Z,false,300,0065h00000IiZpiAAF,Derk Construction EC-R Gear Shaft,01u5h000005Rx52AAC,GE002,01t5h000009BDHiAAO,34,300,10200
00k5h00002zdG26AAE,11/26/2022T22:59:12.000Z,false,800,0065h00000IiZpiAAF,Derk Construction EC-R Gear Box,01u5h000005Rx51AAC,GE001,01t5h000009BDHKAA4,34,800,27200
00k5h00002zdG2AAAU,11/26/2022T23:00:57.000Z,false,500,0065h00000IihZFAAZ,WayUp EC-U Battery Anode,01u5h000005Rx4lAAC,BA003,01t5h000009BDITAA4,58,500,29000
00k5h00002zdG2BAAU,11/26/2022T23:00:57.000Z,false,400,0065h00000IihZFAAZ,WayUp EC-U Battery Plates,01u5h000005Rx4mAAC,BA002,01t5h000009BDHeAAO,20,400,8000
00k5h00002zdG2CAAU,11/26/2022T23:00:57.000Z,false,2000,0065h00000IihZFAAZ,WayUp EC-U Battery,01u5h000005Rx4kAAC,BA001,01t5h000009BDHnAAO,20,2000,40000
00k5h00002zdG2DAAU,11/26/2022T23:01:50.000Z,false,1000,0065h00000IijS8AAJ,DS Smith EC-D Armature/Rotor,01u5h000005Rx4LAAS,EC002,01t5h000009BDHOAA4,20,1000,20000
00k5h00002zdG2EAAU,11/26/2022T23:01:50.000Z,false,1000,0065h00000IijS8AAJ,DS Smith EC-D Axle,01u5h000005Rx4MAAS,EM005,01t5h000009BDHdAAO,10,1000,10000
00k5h00002zdG2KAAU,11/26/2022T23:01:50.000Z,false,300,0065h00000IijS8AAJ,DS Smith EC-D Field Magnet,01u5h000005Rx4zAAC,EM001,01t5h000009BDHJAA4,40,300,12000
00k5h00002zdG2LAAU,11/26/2022T23:04:03.000Z,false,100,0065h00000IihVhAAJ,University of Utah -NC Commutator,01u5h000005Rx4yAAC,EM003,01t5h000009BDHTAA4,40,100,4000
00k5h00002zdG2MAAU,11/26/2022T23:04:03.000Z,false,300,0065h00000IihVhAAJ,University of Utah -NC Field Magnet,01u5h000005Rx4zAAC,EM001,01t5h000009BDHJAA4,55,300,16500
00k5h00002zdG2NAAU,11/26/2022T23:05:10.000Z,false,1000,0065h00000IihZjAAJ,Quotient EC-D Armature/Rotor,01u5h000005Rx4LAAS,EC002,01t5h000009BDHOAA4,40,1000,40000
00k5h00002zdG0OAAU,11/26/2022T22:48:03.000Z,false,100,0065h00000IiqpMAAR,"United Oil & Gas, UK EC-D Generator Spark plug",01u5h000005Rx54AAC,GR001,01t5h000009BDIYAA4,18,100,1800
00k5h00002zdG0PAAU,11/26/2022T22:48:03.000Z,false,500,0065h00000IiqpMAAR,"United Oil & Gas, UK EC-D Generator Engine",01u5h000005Rx53AAC,GR002,01t5h000009BDIiAAO,22,500,11000
00k5h00002zdG4GAAU,11/26/2022T23:24:56.000Z,false,1000,0065h00000IiqpIAAR,"Alphabet, Inc EC-U Armature/Rotor",01u5h000005Rx4LAAS,EC002,01t5h000009BDHOAA4,20,1000,20000
00k5h00002zdG4HAAU,11/26/2022T23:24:56.000Z,false,1000,0065h00000IiqpIAAR,"Alphabet, Inc EC-U Axle",01u5h000005Rx4MAAS,EM005,01t5h000009BDHdAAO,16,1000,16000
00k5h00002zdG4IAAU,11/26/2022T23:24:56.000Z,false,800,0065h00000IiqpIAAR,"Alphabet, Inc EC-U Gear Box",01u5h000005Rx51AAC,GE001,01t5h000009BDHKAA4,34,800,27200
00k5h00002zdG4JAAU,11/26/2022T23:24:56.000Z,false,300,0065h00000IiqpIAAR,"Alphabet, Inc EC-U Gear Shaft",01u5h000005Rx52AAC,GE002,01t5h000009BDHiAAO,34,300,10200
00k5h00002zdG4KAAU,11/26/2022T23:41:02.000Z,false,200,0065h00000HGjpWAAT,Burlington Textiles Weaving Plant Generator Fixed-Base Assembly System,01u5h000005Rx50AAC,,01t5h000006eYvNAAU,10,200,2000
00k5h00002zdG5xAAE,11/26/2022T23:41:02.000Z,false,800,0065h00000HGjpWAAT,Burlington Textiles Weaving Plant Generator Gear Box,01u5h000005Rx51AAC,GE001,01t5h000009BDHKAA4,45,800,36000
00k5h00002zdG5yAAE,11/26/2022T23:41:02.000Z,false,100,0065h00000HGjpWAAT,Burlington Textiles Weaving Plant Generator Commutator,01u5h000005Rx4yAAC,EM003,01t5h000009BDHTAA4,34,100,3400
00k5h00002zdG7QAAU,11/27/2022T00:15:45.000Z,false,600,0065h00000HGjpGAAT,Grand Hotels Guest Portable Generators Brushes,01u5h000005Rx4nAAC,EM004,01t5h000009BDHYAA4,25,600,15000
00k5h00002zdG7RAAU,11/27/2022T00:15:45.000Z,false,100,0065h00000HGjpGAAT,Grand Hotels Guest Portable Generators Commutator,01u5h000005Rx4yAAC,EM003,01t5h000009BDHTAA4,29,100,2900
00k5h00002zdG2OAAU,11/26/2022T23:05:10.000Z,false,1000,0065h00000IihZjAAJ,Quotient EC-D Axle,01u5h000005Rx4MAAS,EM005,01t5h000009BDHdAAO,20,1000,20000
00k5h00002zdG2ZAAU,11/26/2022T23:05:10.000Z,false,100,0065h00000IihZjAAJ,Quotient EC-D Commutator,01u5h000005Rx4yAAC,EM003,01t5h000009BDHTAA4,40,100,4000
00k5h00002zdG33AAE,11/26/2022T23:09:51.000Z,false,1000,0065h00000IiqtYAAR,WayUp EC-D Axle,01u5h000005Rx4MAAS,EM005,01t5h000009BDHdAAO,40,1000,40000
00k5h00002zdG34AAE,11/26/2022T23:09:51.000Z,false,1000,0065h00000IiqtYAAR,WayUp EC-D Armature/Rotor,01u5h000005Rx4LAAS,EC002,01t5h000009BDHOAA4,20,1000,20000
00k5h00002zdG3SAAU,11/26/2022T23:15:32.000Z,false,1000,0065h00000IihVNAAZ,Binomial Engineers EC- R Armature/Rotor,01u5h000005Rx4LAAS,EC002,01t5h000009BDHOAA4,34,1000,34000
00k5h00002zdG3TAAU,11/26/2022T23:15:32.000Z,false,2000,0065h00000IihVNAAZ,Binomial Engineers EC- R Battery,01u5h000005Rx4kAAC,BA001,01t5h000009BDHnAAO,50,2000,100000
00k5h00002zdG3UAAU,11/26/2022T23:16:15.000Z,false,1000,0065h00000IiqmMAAR,GenePoint NC Axle,01u5h000005Rx4MAAS,EM005,01t5h000009BDHdAAO,15,1000,15000
00k5h00002zdG3VAAU,11/26/2022T23:16:15.000Z,false,2000,0065h00000IiqmMAAR,GenePoint NC Battery,01u5h000005Rx4kAAC,BA001,01t5h000009BDHnAAO,17,2000,34000
00k5h00002zdG3WAAU,11/26/2022T23:16:15.000Z,false,300,0065h00000IiqmMAAR,GenePoint NC Field Magnet,01u5h000005Rx4zAAC,EM001,01t5h000009BDHJAA4,40,300,12000
00k5h00002zdG3XAAU,11/26/2022T23:16:43.000Z,false,3000,0065h00000IiqmnAAB,"United Oil, Inc EC-D Pump motor",01u5h000005Rx56AAC,PU001,01t5h000009BDInAAO,38,3000,114000
00k5h00002zdG35AAE,11/26/2022T23:17:37.000Z,false,800,0065h00000IihdWAAR,Apple Graphics EC-R Gear Box,01u5h000005Rx51AAC,GE001,01t5h000009BDHKAA4,30,800,24000
00k5h00002zdG36AAE,11/26/2022T23:17:37.000Z,false,300,0065h00000IihdWAAR,Apple Graphics EC-R Gear Shaft,01u5h000005Rx52AAC,GE002,01t5h000009BDHiAAO,10,300,3000
00k5h00002zdG37AAE,11/26/2022T23:17:37.000Z,false,500,0065h00000IihdWAAR,Apple Graphics EC-R Generator Engine,01u5h000005Rx53AAC,GR002,01t5h000009BDIiAAO,33,500,16500
00k5h00002zdG4QAAU,11/26/2022T23:26:21.000Z,false,1000,0065h00000IihXZAAZ,JSD systems NC Axle,01u5h000005Rx4MAAS,EM005,01t5h000009BDHdAAO,30,1000,30000
00k5h00002zdG4RAAU,11/26/2022T23:26:21.000Z,false,2000,0065h00000IihXZAAZ,JSD systems NC Battery,01u5h000005Rx4kAAC,BA001,01t5h000009BDHnAAO,36,2000,72000
00k5h00002zdG4SAAU,11/26/2022T23:26:21.000Z,false,400,0065h00000IihXZAAZ,JSD systems NC Battery Plates,01u5h000005Rx4mAAC,BA002,01t5h000009BDHeAAO,35,400,14000
00k5h00002zdG4TAAU,11/26/2022T23:29:22.000Z,false,500,0065h00000HGjpDAAT,Grand Hotels Kitchen Generator Generator Engine,01u5h000005Rx53AAC,GR002,01t5h000009BDIiAAO,200,500,100000
00k5h00002zdG4UAAU,11/26/2022T23:29:22.000Z,false,100,0065h00000HGjpDAAT,Grand Hotels Kitchen Generator Generator Spark plug,01u5h000005Rx54AAC,GR001,01t5h000009BDIYAA4,220,100,22000
00k5h00002zdG7jAAE,11/27/2022T00:19:23.000Z,false,1000,0065h00000IihVIAAZ,Binomial Engineers EC-U Armature/Rotor,01u5h000005Rx4LAAS,EC002,01t5h000009BDHOAA4,40,1000,40000
00k5h00002zdG7oAAE,11/27/2022T00:19:54.000Z,false,800,0065h00000Iiqs8AAB,Edge Communications EC-U Gear Box,01u5h000005Rx51AAC,GE001,01t5h000009BDHKAA4,20,800,16000
00k5h00002zdG7pAAE,11/27/2022T00:19:54.000Z,false,300,0065h00000Iiqs8AAB,Edge Communications EC-U Gear Shaft,01u5h000005Rx52AAC,GE002,01t5h000009BDHiAAO,54,300,16200
00k5h00002zdG7qAAE,11/27/2022T00:19:54.000Z,false,200,0065h00000Iiqs8AAB,Edge Communications EC-U Fixed-Base Assembly System,01u5h000005Rx50AAC,,01t5h000006eYvNAAU,34,200,6800
00k5h00002zdG7rAAE,11/27/2022T00:19:54.000Z,false,300,0065h00000Iiqs8AAB,Edge Communications EC-U Field Magnet,01u5h000005Rx4zAAC,EM001,01t5h000009BDHJAA4,32,300,9600
00k5h00002zdG7tAAE,11/27/2022T00:27:55.000Z,false,500,0065h00000HGjpbAAD,Grand Hotels Emergency Generators Generator Engine,01u5h000005Rx53AAC,GR002,01t5h000009BDIiAAO,120,500,60000
00k5h00002zdG7uAAE,11/27/2022T00:27:55.000Z,false,100,0065h00000HGjpbAAD,Grand Hotels Emergency Generators Generator Spark plug,01u5h000005Rx54AAC,GR001,01t5h000009BDIYAA4,30,100,3000
00k5h00002zdG7vAAE,11/27/2022T00:27:55.000Z,false,300,0065h00000HGjpbAAD,Grand Hotels Emergency Generators Gear Shaft,01u5h000005Rx52AAC,GE002,01t5h000009BDHiAAO,28,300,8400
00k5h00002zdG0WAAU,11/26/2022T22:49:54.000Z,false,100,0065h00000Iiqn1AAB,Sync finances NC Commutator,01u5h000005Rx4yAAC,EM003,01t5h000009BDHTAA4,1,100,100
00k5h00002zdG1CAAU,11/26/2022T22:52:10.000Z,false,200,0065h00000IihVSAAZ,Binomial Engineers EC-D Fixed-Base Assembly System,01u5h000005Rx50AAC,,01t5h000006eYvNAAU,3,200,600
00k5h00002zdG1DAAU,11/26/2022T22:52:10.000Z,false,300,0065h00000IihVSAAZ,Binomial Engineers EC-D Field Magnet,01u5h000005Rx4zAAC,EM001,01t5h000009BDHJAA4,3,300,900
00k5h00002zdG1EAAU,11/26/2022T22:52:10.000Z,false,800,0065h00000IihVSAAZ,Binomial Engineers EC-D Gear Box,01u5h000005Rx51AAC,GE001,01t5h000009BDHKAA4,1,800,800
00k5h00002zdG1gAAE,11/26/2022T22:54:06.000Z,false,500,0065h00000HGjpTAAT,University of AZ Installations Generator Engine,01u5h000005Rx53AAC,GR002,01t5h000009BDIiAAO,10,500,5000
00k5h00002zdG1hAAE,11/26/2022T22:54:06.000Z,false,100,0065h00000HGjpTAAT,University of AZ Installations Generator Spark plug,01u5h000005Rx54AAC,GR001,01t5h000009BDIYAA4,10,100,1000
00k5h00002zdG1iAAE,11/26/2022T22:54:06.000Z,false,100000,0065h00000HGjpTAAT,University of AZ Installations GenWatt Diesel 1000kW,01u5h000004tBWBAA2,GC1060,01t5h000006eYvbAAE,10,100000,1000000
00k5h00002zdG1jAAE,11/26/2022T22:54:06.000Z,false,5000,0065h00000HGjpTAAT,University of AZ Installations GenWatt Diesel 10kW,01u5h000004tBW4AAM,GC1020,01t5h000006eYvUAAU,1,5000,5000
00k5h00002zdG2tAAE,11/26/2022T23:08:25.000Z,false,3000,0065h00000IiheFAAR,Alphabet NC Pump motor,01u5h000005Rx56AAC,PU001,01t5h000009BDInAAO,22,3000,66000
00k5h00002zdG2uAAE,11/26/2022T23:08:25.000Z,false,600,0065h00000IiheFAAR,Alphabet NC Brushes,01u5h000005Rx4nAAC,EM004,01t5h000009BDHYAA4,44,600,26400
00k5h00002zdG2yAAE,11/26/2022T23:08:51.000Z,false,1000,0065h00000IiqpqAAB,Init EC-U Armature/Rotor,01u5h000005Rx4LAAS,EC002,01t5h000009BDHOAA4,22,1000,22000
00k5h00002zdG2zAAE,11/26/2022T23:08:51.000Z,false,600,0065h00000IiqpqAAB,Init EC-U Brushes,01u5h000005Rx4nAAC,EM004,01t5h000009BDHYAA4,60,600,36000
00k5h00002zdG2vAAE,11/26/2022T23:13:10.000Z,false,1000,0065h00000IiZgHAAV,University of Central Florida- NC Axle,01u5h000005Rx4MAAS,EM005,01t5h000009BDHdAAO,40,1000,40000
00k5h00002zdG2wAAE,11/26/2022T23:13:10.000Z,false,100,0065h00000IiZgHAAV,University of Central Florida- NC Commutator,01u5h000005Rx4yAAC,EM003,01t5h000009BDHTAA4,44,100,4400
00k5h00002zdG30AAE,11/26/2022T23:14:14.000Z,false,2000,0065h00000IiZb7AAF,B&K EC-R Battery,01u5h000005Rx4kAAC,BA001,01t5h000009BDHnAAO,20,2000,40000
00k5h00002zdG31AAE,11/26/2022T23:14:14.000Z,false,400,0065h00000IiZb7AAF,B&K EC-R Battery Plates,01u5h000005Rx4mAAC,BA002,01t5h000009BDHeAAO,36,400,14400
00k5h00002zdG3NAAU,11/26/2022T23:15:08.000Z,false,400,0065h00000Iiqu1AAB,Edge Communications EC-R Battery Plates,01u5h000005Rx4mAAC,BA002,01t5h000009BDHeAAO,26,400,10400
00k5h00002zdG3OAAU,11/26/2022T23:15:08.000Z,false,600,0065h00000Iiqu1AAB,Edge Communications EC-R Brushes,01u5h000005Rx4nAAC,EM004,01t5h000009BDHYAA4,16,600,9600
00k5h00002zdG3PAAU,11/26/2022T23:15:08.000Z,false,500,0065h00000Iiqu1AAB,Edge Communications EC-R Battery Anode,01u5h000005Rx4lAAC,BA003,01t5h000009BDITAA4,18,500,9000
00k5h00002zdG3QAAU,11/26/2022T23:15:08.000Z,false,100,0065h00000Iiqu1AAB,Edge Communications EC-R Commutator,01u5h000005Rx4yAAC,EM003,01t5h000009BDHTAA4,32,100,3200
00k5h00002zdG3hAAE,11/26/2022T23:18:10.000Z,false,1000,0065h00000IiZZzAAN,Veritas EC-R Axle,01u5h000005Rx4MAAS,EM005,01t5h000009BDHdAAO,20,1000,20000
00k5h00002zdG3iAAE,11/26/2022T23:18:10.000Z,false,400,0065h00000IiZZzAAN,Veritas EC-R Battery Plates,01u5h000005Rx4mAAC,BA002,01t5h000009BDHeAAO,22,400,8800
00k5h00002zdG32AAE,11/26/2022T23:19:13.000Z,false,1000,0065h00000IiZadAAF,Veritas EC-U-VP Axle,01u5h000005Rx4MAAS,EM005,01t5h000009BDHdAAO,10,1000,10000
00k5h00002zdG3mAAE,11/26/2022T23:19:13.000Z,false,2000,0065h00000IiZadAAF,Veritas EC-U-VP Battery,01u5h000005Rx4kAAC,BA001,01t5h000009BDHnAAO,20,2000,40000
00k5h00002zdG3nAAE,11/26/2022T23:19:13.000Z,false,1000,0065h00000IiZadAAF,Veritas EC-U-VP Armature/Rotor,01u5h000005Rx4LAAS,EC002,01t5h000009BDHOAA4,23,1000,23000
00k5h00002zdG3jAAE,11/26/2022T23:20:47.000Z,false,1000,0065h00000IiqmlAAB,JSR finance EC-D Armature/Rotor,01u5h000005Rx4LAAS,EC002,01t5h000009BDHOAA4,12,1000,12000
00k5h00002zdG3kAAE,11/26/2022T23:20:47.000Z,false,1000,0065h00000IiqmlAAB,JSR finance EC-D Axle,01u5h000005Rx4MAAS,EM005,01t5h000009BDHdAAO,30,1000,30000
00k5h00002zdG3lAAE,11/26/2022T23:20:47.000Z,false,2000,0065h00000IiqmlAAB,JSR finance EC-D Battery,01u5h000005Rx4kAAC,BA001,01t5h000009BDHnAAO,32,2000,64000
00k5h00002zdG4aAAE,11/26/2022T23:27:42.000Z,false,400,0065h00000IiqmYAAR,sForce NC Battery Plates,01u5h000005Rx4mAAC,BA002,01t5h000009BDHeAAO,27,400,10800
00k5h00002zdG4bAAE,11/26/2022T23:27:42.000Z,false,600,0065h00000IiqmYAAR,sForce NC Brushes,01u5h000005Rx4nAAC,EM004,01t5h000009BDHYAA4,40,600,24000
00k5h00002zdG4cAAE,11/26/2022T23:27:42.000Z,false,100,0065h00000IiqmYAAR,sForce NC Commutator,01u5h000005Rx4yAAC,EM003,01t5h000009BDHTAA4,12,100,1200
00k5h00002zdG4dAAE,11/26/2022T23:28:18.000Z,false,1000,0065h00000HGjpKAAT,Express Logistics Portable Truck Generators Axle,01u5h000005Rx4MAAS,EM005,01t5h000009BDHdAAO,28,1000,28000
00k5h00002zdG4eAAE,11/26/2022T23:28:18.000Z,false,400,0065h00000HGjpKAAT,Express Logistics Portable Truck Generators Battery Plates,01u5h000005Rx4mAAC,BA002,01t5h000009BDHeAAO,40,400,16000
00k5h00002zdG4fAAE,11/26/2022T23:28:18.000Z,false,500,0065h00000HGjpKAAT,Express Logistics Portable Truck Generators Battery Anode,01u5h000005Rx4lAAC,BA003,01t5h000009BDITAA4,40,500,20000
00k5h00002zdG4gAAE,11/26/2022T23:30:02.000Z,false,1000,0065h00000IiZpjAAF,Dickenson plc EC-U Axle,01u5h000005Rx4MAAS,EM005,01t5h000009BDHdAAO,30,1000,30000
00k5h00002zdG4hAAE,11/26/2022T23:30:02.000Z,false,2000,0065h00000IiZpjAAF,Dickenson plc EC-U Battery,01u5h000005Rx4kAAC,BA001,01t5h000009BDHnAAO,15,2000,30000
00k5h00002zdG62AAE,11/26/2022T23:41:19.000Z,false,1000,0065h00000HGjpXAAT,United Oil Installations Armature/Rotor,01u5h000005Rx4LAAS,EC002,01t5h000009BDHOAA4,40,1000,40000
00k5h00002zdG63AAE,11/26/2022T23:42:42.000Z,false,1000,0065h00000HGjpYAAT,United Oil Emergency Generators Axle,01u5h000005Rx4MAAS,EM005,01t5h000009BDHdAAO,30,1000,30000
00k5h00002zdG64AAE,11/26/2022T23:42:42.000Z,false,2000,0065h00000HGjpYAAT,United Oil Emergency Generators Battery,01u5h000005Rx4kAAC,BA001,01t5h000009BDHnAAO,28,2000,56000
00k5h00002zdG65AAE,11/26/2022T23:43:36.000Z,false,300,0065h00000HGjpOAAT,Edge Installation Field Magnet,01u5h000005Rx4zAAC,EM001,01t5h000009BDHJAA4,72,300,21600
00k5h00002zdG66AAE,11/26/2022T23:43:36.000Z,false,200,0065h00000HGjpOAAT,Edge Installation Fixed-Base Assembly System,01u5h000005Rx50AAC,,01t5h000006eYvNAAU,46,200,9200
00k5h00002zdG6HAAU,11/26/2022T23:43:36.000Z,false,800,0065h00000HGjpOAAT,Edge Installation Gear Box,01u5h000005Rx51AAC,GE001,01t5h000009BDHKAA4,25,800,20000
00k5h00002zdG6IAAU,11/26/2022T23:43:36.000Z,false,500,0065h00000HGjpOAAT,Edge Installation Generator Engine,01u5h000005Rx53AAC,GR002,01t5h000009BDIiAAO,12,500,6000
00k5h00002zdG6iAAE,11/26/2022T23:50:44.000Z,false,200,0065h00000IihhDAAR,GB Financials EC-U Fixed-Base Assembly System,01u5h000005Rx50AAC,,01t5h000006eYvNAAU,22,200,4400
00k5h00002zdG6jAAE,11/26/2022T23:51:14.000Z,false,300,0065h00000IfPjsAAF,System integration Field Magnet,01u5h000005Rx4zAAC,EM001,01t5h000009BDHJAA4,44,300,13200
00k5h00002zdG6kAAE,11/26/2022T23:51:14.000Z,false,200,0065h00000IfPjsAAF,System integration Fixed-Base Assembly System,01u5h000005Rx50AAC,,01t5h000006eYvNAAU,14,200,2800
00k5h00002zdG6lAAE,11/26/2022T23:51:14.000Z,false,800,0065h00000IfPjsAAF,System integration Gear Box,01u5h000005Rx51AAC,GE001,01t5h000009BDHKAA4,12,800,9600
00k5h00002zdG6mAAE,11/26/2022T23:51:58.000Z,false,100,0065h00000IiqsjAAB,Crowe NC Commutator,01u5h000005Rx4yAAC,EM003,01t5h000009BDHTAA4,14,100,1400
00k5h00002zdG6nAAE,11/26/2022T23:51:58.000Z,false,600,0065h00000IiqsjAAB,Crowe NC Brushes,01u5h000005Rx4nAAC,EM004,01t5h000009BDHYAA4,16,600,9600
00k5h00002zdFzQAAU,11/26/2022T22:38:52.000Z,false,1000,0065h00000IiqpOAAR,"Alphabet, Inc EC-R Armature/Rotor",01u5h000005Rx4LAAS,EC002,01t5h000009BDHOAA4,4,1000,4000
00k5h00002zdFzRAAU,11/26/2022T22:38:52.000Z,false,1000,0065h00000IiqpOAAR,"Alphabet, Inc EC-R Axle",01u5h000005Rx4MAAS,EM005,01t5h000009BDHdAAO,4,1000,4000
00k5h00002zdG3tAAE,11/26/2022T23:19:55.000Z,false,500,0065h00000IiqtdAAB,Pine labs EC-U Battery Anode,01u5h000005Rx4lAAC,BA003,01t5h000009BDITAA4,19,500,9500
00k5h00002zdG3wAAE,11/26/2022T23:21:11.000Z,false,1000,0065h00000IihWfAAJ,University of Arizona NC Axle,01u5h000005Rx4MAAS,EM005,01t5h000009BDHdAAO,17,1000,17000
00k5h00002zdG3xAAE,11/26/2022T23:21:11.000Z,false,2000,0065h00000IihWfAAJ,University of Arizona NC Battery,01u5h000005Rx4kAAC,BA001,01t5h000009BDHnAAO,34,2000,68000
00k5h00002zdG3yAAE,11/26/2022T23:21:11.000Z,false,500,0065h00000IihWfAAJ,University of Arizona NC Battery Anode,01u5h000005Rx4lAAC,BA003,01t5h000009BDITAA4,34,500,17000
00k5h00002zdG3zAAE,11/26/2022T23:21:58.000Z,false,300,0065h00000IiqmPAAR,Sync finances EC-U Field Magnet,01u5h000005Rx4zAAC,EM001,01t5h000009BDHJAA4,120,300,36000
00k5h00002zdG40AAE,11/26/2022T23:21:58.000Z,false,100,0065h00000IiqmPAAR,Sync finances EC-U Commutator,01u5h000005Rx4yAAC,EM003,01t5h000009BDHTAA4,68,100,6800
00k5h00002zdG3uAAE,11/26/2022T23:22:59.000Z,false,400,0065h00000IiqrgAAB,Init NC Battery Plates,01u5h000005Rx4mAAC,BA002,01t5h000009BDHeAAO,80,400,32000
00k5h00002zdG3vAAE,11/26/2022T23:22:59.000Z,false,600,0065h00000IiqrgAAB,Init NC Brushes,01u5h000005Rx4nAAC,EM004,01t5h000009BDHYAA4,40,600,24000
00k5h00002zdG41AAE,11/26/2022T23:22:59.000Z,false,500,0065h00000IiqrgAAB,Init NC Battery Anode,01u5h000005Rx4lAAC,BA003,01t5h000009BDITAA4,50,500,25000
00k5h00002zdG4pAAE,11/26/2022T23:29:41.000Z,false,1000,0065h00000IiZbMAAV,B&K EC-D Armature/Rotor,01u5h000005Rx4LAAS,EC002,01t5h000009BDHOAA4,30,1000,30000
00k5h00002zdG4qAAE,11/26/2022T23:29:41.000Z,false,1000,0065h00000IiZbMAAV,B&K EC-D Axle,01u5h000005Rx4MAAS,EM005,01t5h000009BDHdAAO,33,1000,33000
00k5h00002zdG4rAAE,11/26/2022T23:30:20.000Z,false,3000,0065h00000IihiOAAR,GB Financials NC Pump motor,01u5h000005Rx56AAC,PU001,01t5h000009BDInAAO,30,3000,90000
00k5h00002zdG42AAE,11/26/2022T23:31:06.000Z,false,1000,0065h00000IihVmAAJ,University of Utah EC-U Armature/Rotor,01u5h000005Rx4LAAS,EC002,01t5h000009BDHOAA4,20,1000,20000
00k5h00002zdG43AAE,11/26/2022T23:31:06.000Z,false,1000,0065h00000IihVmAAJ,University of Utah EC-U Axle,01u5h000005Rx4MAAS,EM005,01t5h000009BDHdAAO,70,1000,70000
00k5h00002zdG44AAE,11/26/2022T23:31:06.000Z,false,200,0065h00000IihVmAAJ,University of Utah EC-U Fixed-Base Assembly System,01u5h000005Rx50AAC,,01t5h000006eYvNAAU,100,200,20000
00k5h00002zdG5TAAU,11/26/2022T23:34:52.000Z,false,800,0065h00000IiZgIAAV,University of Central Florida EC-U Gear Box,01u5h000005Rx51AAC,GE001,01t5h000009BDHKAA4,100,800,80000
00k5h00002zdG5UAAU,11/26/2022T23:34:52.000Z,false,300,0065h00000IiZgIAAV,University of Central Florida EC-U Gear Shaft,01u5h000005Rx52AAC,GE002,01t5h000009BDHiAAO,27,300,8100
00k5h00002zdG5VAAU,11/26/2022T23:34:52.000Z,false,500,0065h00000IiZgIAAV,University of Central Florida EC-U Generator Engine,01u5h000005Rx53AAC,GR002,01t5h000009BDIiAAO,20,500,10000
00k5h00002zdG5WAAU,11/26/2022T23:35:28.000Z,false,2000,0065h00000IihKiAAJ,Publix NC Battery,01u5h000005Rx4kAAC,BA001,01t5h000009BDHnAAO,30,2000,60000
00k5h00002zdG5XAAU,11/26/2022T23:35:28.000Z,false,1000,0065h00000IihKiAAJ,Publix NC Axle,01u5h000005Rx4MAAS,EM005,01t5h000009BDHdAAO,20,1000,20000
00k5h00002zdG5sAAE,11/26/2022T23:40:28.000Z,false,600,0065h00000HGjpRAAT,Grand Hotels Generator Installations Brushes,01u5h000005Rx4nAAC,EM004,01t5h000009BDHYAA4,40,600,24000
00k5h00002zdG5tAAE,11/26/2022T23:40:28.000Z,false,3000,0065h00000HGjpRAAT,Grand Hotels Generator Installations Pump motor,01u5h000005Rx56AAC,PU001,01t5h000009BDInAAO,12,3000,36000
00k5h00002zdG6CAAU,11/26/2022T23:42:03.000Z,false,1000,0065h00000HGjpMAAT,GenePoint SLA Armature/Rotor,01u5h000005Rx4LAAS,EC002,01t5h000009BDHOAA4,22,1000,22000
00k5h00002zdG6DAAU,11/26/2022T23:42:03.000Z,false,1000,0065h00000HGjpMAAT,GenePoint SLA Axle,01u5h000005Rx4MAAS,EM005,01t5h000009BDHdAAO,20,1000,20000
00k5h00002zdG6MAAU,11/26/2022T23:44:04.000Z,false,300,0065h00000HGjpCAAT,GenePoint Standby Generator Field Magnet,01u5h000005Rx4zAAC,EM001,01t5h000009BDHJAA4,13,300,3900
00k5h00002zdG6NAAU,11/26/2022T23:44:04.000Z,false,200,0065h00000HGjpCAAT,GenePoint Standby Generator Fixed-Base Assembly System,01u5h000005Rx50AAC,,01t5h000006eYvNAAU,28,200,5600
00k5h00002zdG6OAAU,11/26/2022T23:44:04.000Z,false,800,0065h00000HGjpCAAT,GenePoint Standby Generator Gear Box,01u5h000005Rx51AAC,GE001,01t5h000009BDHKAA4,14,800,11200
00k5h00002zdG6PAAU,11/26/2022T23:44:04.000Z,false,300,0065h00000HGjpCAAT,GenePoint Standby Generator Gear Shaft,01u5h000005Rx52AAC,GE002,01t5h000009BDHiAAO,14,300,4200
00k5h00002zdG6oAAE,11/26/2022T23:51:58.000Z,false,400,0065h00000IiqsjAAB,Crowe NC Battery Plates,01u5h000005Rx4mAAC,BA002,01t5h000009BDHeAAO,16,400,6400
00k5h00002zdG6pAAE,11/26/2022T23:51:58.000Z,false,500,0065h00000IiqsjAAB,Crowe NC Battery Anode,01u5h000005Rx4lAAC,BA003,01t5h000009BDITAA4,16,500,8000
00k5h00002zdG6qAAE,11/26/2022T23:53:25.000Z,false,500,0065h00000IijR2AAJ,"Google, Inc EC-R Battery Anode",01u5h000005Rx4lAAC,BA003,01t5h000009BDITAA4,30,500,15000
00k5h00002zdG6rAAE,11/26/2022T23:53:25.000Z,false,600,0065h00000IijR2AAJ,"Google, Inc EC-R Brushes",01u5h000005Rx4nAAC,EM004,01t5h000009BDHYAA4,37,600,22200
00k5h00002zdG6sAAE,11/26/2022T23:53:25.000Z,false,400,0065h00000IijR2AAJ,"Google, Inc EC-R Battery Plates",01u5h000005Rx4mAAC,BA002,01t5h000009BDHeAAO,28,400,11200
00k5h00002zdG70AAE,11/26/2022T23:58:26.000Z,false,600,0065h00000IiZpEAAV,Derk Construction NC Brushes,01u5h000005Rx4nAAC,EM004,01t5h000009BDHYAA4,22,600,13200
00k5h00002zdG71AAE,11/26/2022T23:58:26.000Z,false,100,0065h00000IiZpEAAV,Derk Construction NC Commutator,01u5h000005Rx4yAAC,EM003,01t5h000009BDHTAA4,15,100,1500
00k5h00002zdG72AAE,11/26/2022T23:58:26.000Z,false,300,0065h00000IiZpEAAV,Derk Construction NC Field Magnet,01u5h000005Rx4zAAC,EM001,01t5h000009BDHJAA4,22,300,6600
00k5h00002zdG73AAE,11/26/2022T23:58:26.000Z,false,200,0065h00000IiZpEAAV,Derk Construction NC Fixed-Base Assembly System,01u5h000005Rx50AAC,,01t5h000006eYvNAAU,15,200,3000
00k5h00002zdG7PAAU,11/27/2022T00:15:45.000Z,false,1000,0065h00000HGjpGAAT,Grand Hotels Guest Portable Generators Armature/Rotor,01u5h000005Rx4LAAS,EC002,01t5h000009BDHOAA4,17,1000,17000
00k5h00002zdFzaAAE,11/26/2022T22:43:37.000Z,false,1000,0065h00000IihXaAAJ,JSD systems EC-U Armature/Rotor,01u5h000005Rx4LAAS,EC002,01t5h000009BDHOAA4,12,1000,12000
00k5h00002zdFzbAAE,11/26/2022T22:43:37.000Z,false,300,0065h00000IihXaAAJ,JSD systems EC-U Field Magnet,01u5h000005Rx4zAAC,EM001,01t5h000009BDHJAA4,32,300,9600
00k5h00002zdFzcAAE,11/26/2022T22:43:37.000Z,false,200,0065h00000IihXaAAJ,JSD systems EC-U Fixed-Base Assembly System,01u5h000005Rx50AAC,,01t5h000006eYvNAAU,11,200,2200
00k5h00002zdFzfAAE,11/26/2022T22:44:34.000Z,false,3000,0065h00000IiqnFAAR,Sync finances EC-D Pump motor,01u5h000005Rx56AAC,PU001,01t5h000009BDInAAO,8,3000,24000
00k5h00002zdFzgAAE,11/26/2022T22:44:34.000Z,false,2000,0065h00000IiqnFAAR,Sync finances EC-D Pump casing,01u5h000005Rx55AAC,PU002,01t5h000009BDIsAAO,10,2000,20000
00k5h00002zdFzhAAE,11/26/2022T22:44:34.000Z,false,300,0065h00000IiqnFAAR,Sync finances EC-D Field Magnet,01u5h000005Rx4zAAC,EM001,01t5h000009BDHJAA4,12,300,3600
00k5h00002zdFzvAAE,11/26/2022T22:45:58.000Z,false,2000,0065h00000IihZWAAZ,Capstone entertainment EC-U Battery,01u5h000005Rx4kAAC,BA001,01t5h000009BDHnAAO,18,2000,36000
00k5h00002zdFzwAAE,11/26/2022T22:45:58.000Z,false,1000,0065h00000IihZWAAZ,Capstone entertainment EC-U Armature/Rotor,01u5h000005Rx4LAAS,EC002,01t5h000009BDHOAA4,3,1000,3000
00k5h00002zdG0dAAE,11/26/2022T22:48:34.000Z,false,300,0065h00000IihKnAAJ,Publix EC-U Gear Shaft,01u5h000005Rx52AAC,GE002,01t5h000009BDHiAAO,5,300,1500
00k5h00002zdG0eAAE,11/26/2022T22:48:34.000Z,false,800,0065h00000IihKnAAJ,Publix EC-U Gear Box,01u5h000005Rx51AAC,GE001,01t5h000009BDHKAA4,1,800,800
00k5h00002zdFzuAAE,11/26/2022T22:45:58.000Z,false,1000,0065h00000IihZWAAZ,Capstone entertainment EC-U Axle,01u5h000005Rx4MAAS,EM005,01t5h000009BDHdAAO,2,1000,2000
00k5h00002zdFzVAAU,11/26/2022T22:39:29.000Z,false,800,0065h00000Iiqs7AAB,Crowe EC-R Gear Box,01u5h000005Rx51AAC,GE001,01t5h000009BDHKAA4,1,800,800
00k5h00002zdFzWAAU,11/26/2022T22:39:29.000Z,false,300,0065h00000Iiqs7AAB,Crowe EC-R Gear Shaft,01u5h000005Rx52AAC,GE002,01t5h000009BDHiAAO,10,300,3000
00k5h00002zdFzXAAU,11/26/2022T22:39:29.000Z,false,200,0065h00000Iiqs7AAB,Crowe EC-R Fixed-Base Assembly System,01u5h000005Rx50AAC,,01t5h000006eYvNAAU,20,200,4000
00k5h00002zdG09AAE,11/26/2022T22:46:55.000Z,false,1000,0065h00000Iiqs5AAB,Init EC-R Axle,01u5h000005Rx4MAAS,EM005,01t5h000009BDHdAAO,16,1000,16000
00k5h00002zdG0AAAU,11/26/2022T22:46:55.000Z,false,1000,0065h00000Iiqs5AAB,Init EC-R Armature/Rotor,01u5h000005Rx4LAAS,EC002,01t5h000009BDHOAA4,16,1000,16000
00k5h00002zdG0BAAU,11/26/2022T22:47:44.000Z,false,100,0065h00000IihWnAAJ,Lenarr EC-D Generator Spark plug,01u5h000005Rx54AAC,GR001,01t5h000009BDIYAA4,7,100,700
00k5h00002zdG0CAAU,11/26/2022T22:47:44.000Z,false,500,0065h00000IihWnAAJ,Lenarr EC-D Generator Engine,01u5h000005Rx53AAC,GR002,01t5h000009BDIiAAO,4,500,2000
00k5h00002zdG0DAAU,11/26/2022T22:47:44.000Z,false,300,0065h00000IihWnAAJ,Lenarr EC-D Gear Shaft,01u5h000005Rx52AAC,GE002,01t5h000009BDHiAAO,2,300,600
00k5h00002zdG0xAAE,11/26/2022T22:49:27.000Z,false,500,0065h00000HGjpAAAT,United Oil Office Portable Generators Battery Anode,01u5h000005Rx4lAAC,BA003,01t5h000009BDITAA4,1,500,500
00k5h00002zdG0yAAE,11/26/2022T22:49:27.000Z,false,400,0065h00000HGjpAAAT,United Oil Office Portable Generators Battery Plates,01u5h000005Rx4mAAC,BA002,01t5h000009BDHeAAO,1,400,400
00k5h00002zdG0ZAAU,11/26/2022T22:51:07.000Z,false,2000,0065h00000IihYCAAZ,Lenarr NC Pump casing,01u5h000005Rx55AAC,PU002,01t5h000009BDIsAAO,34,2000,68000
00k5h00002zdG0aAAE,11/26/2022T22:51:07.000Z,false,3000,0065h00000IihYCAAZ,Lenarr NC Pump motor,01u5h000005Rx56AAC,PU001,01t5h000009BDInAAO,30,3000,90000
00k5h00002zdG0zAAE,11/26/2022T22:51:49.000Z,false,1000,0065h00000IihVVAAZ,Capstone entertainment NC Armature/Rotor,01u5h000005Rx4LAAS,EC002,01t5h000009BDHOAA4,1,1000,1000
00k5h00002zdG10AAE,11/26/2022T22:51:49.000Z,false,2000,0065h00000IihVVAAZ,Capstone entertainment NC Battery,01u5h000005Rx4kAAC,BA001,01t5h000009BDHnAAO,1,2000,2000
00k5h00002zdG11AAE,11/26/2022T22:51:49.000Z,false,1000,0065h00000IihVVAAZ,Capstone entertainment NC Axle,01u5h000005Rx4MAAS,EM005,01t5h000009BDHdAAO,2,1000,2000
00k5h00002zdG1WAAU,11/26/2022T22:53:29.000Z,false,1000,0065h00000IihXYAAZ,Tantheta EC-U Armature/Rotor,01u5h000005Rx4LAAS,EC002,01t5h000009BDHOAA4,23,1000,23000
00k5h00002zdG1XAAU,11/26/2022T22:53:29.000Z,false,1000,0065h00000IihXYAAZ,Tantheta EC-U Axle,01u5h000005Rx4MAAS,EM005,01t5h000009BDHdAAO,34,1000,34000
00k5h00002zdG1YAAU,11/26/2022T22:53:29.000Z,false,2000,0065h00000IihXYAAZ,Tantheta EC-U Battery,01u5h000005Rx4kAAC,BA001,01t5h000009BDHnAAO,55,2000,110000
00k5h00002zdG1ZAAU,11/26/2022T22:53:29.000Z,false,500,0065h00000IihXYAAZ,Tantheta EC-U Battery Anode,01u5h000005Rx4lAAC,BA003,01t5h000009BDITAA4,24,500,12000
00k5h00002zdG1aAAE,11/26/2022T22:55:57.000Z,false,300,0065h00000HGjpJAAT,Pyramid Emergency Generators Field Magnet,01u5h000005Rx4zAAC,EM001,01t5h000009BDHJAA4,12,300,3600
00k5h00002zdG1lAAE,11/26/2022T22:55:57.000Z,false,200,0065h00000HGjpJAAT,Pyramid Emergency Generators Fixed-Base Assembly System,01u5h000005Rx50AAC,,01t5h000006eYvNAAU,23,200,4600
00k5h00002zdG1mAAE,11/26/2022T22:55:57.000Z,false,800,0065h00000HGjpJAAT,Pyramid Emergency Generators Gear Box,01u5h000005Rx51AAC,GE001,01t5h000009BDHKAA4,12,800,9600
00k5h00002zdG1vAAE,11/26/2022T22:58:05.000Z,false,1000,0065h00000IihZlAAJ,Go2 EC-D Armature/Rotor,01u5h000005Rx4LAAS,EC002,01t5h000009BDHOAA4,13,1000,13000
00k5h00002zdG1wAAE,11/26/2022T22:58:05.000Z,false,500,0065h00000IihZlAAJ,Go2 EC-D Battery Anode,01u5h000005Rx4lAAC,BA003,01t5h000009BDITAA4,12,500,6000
00k5h00002zdG1xAAE,11/26/2022T22:58:05.000Z,false,300,0065h00000IihZlAAJ,Go2 EC-D Field Magnet,01u5h000005Rx4zAAC,EM001,01t5h000009BDHJAA4,6,300,1800
00k5h00002zdG1yAAE,11/26/2022T22:59:36.000Z,false,300,0065h00000HGjp9AAD,Dickenson Mobile Generators Gear Shaft,01u5h000005Rx52AAC,GE002,01t5h000009BDHiAAO,12,300,3600
00k5h00002zdG1zAAE,11/26/2022T22:59:36.000Z,false,600,0065h00000HGjp9AAD,Dickenson Mobile Generators Brushes,01u5h000005Rx4nAAC,EM004,01t5h000009BDHYAA4,24,600,14400
00k5h00002zdG2FAAU,11/26/2022T23:01:26.000Z,false,2000,0065h00000IihVnAAJ,University of Utah EC-R Pump casing,01u5h000005Rx55AAC,PU002,01t5h000009BDIsAAO,72,2000,144000
00k5h00002zdG2GAAU,11/26/2022T23:01:26.000Z,false,3000,0065h00000IihVnAAJ,University of Utah EC-R Pump motor,01u5h000005Rx56AAC,PU001,01t5h000009BDInAAO,36,3000,108000
00k5h00002zdG2UAAU,11/26/2022T23:04:36.000Z,false,1000,0065h00000IijRKAAZ,Drivenow EC-U Axle,01u5h000005Rx4MAAS,EM005,01t5h000009BDHdAAO,14,1000,14000
00k5h00002zdG2VAAU,11/26/2022T23:04:36.000Z,false,400,0065h00000IijRKAAZ,Drivenow EC-U Battery Plates,01u5h000005Rx4mAAC,BA002,01t5h000009BDHeAAO,20,400,8000
00k5h00002zdG2HAAU,11/26/2022T23:05:38.000Z,false,1000,0065h00000IiqmOAAR,JSR finance EC-U Armature/Rotor,01u5h000005Rx4LAAS,EC002,01t5h000009BDHOAA4,4,1000,4000
00k5h00002zdG2IAAU,11/26/2022T23:05:38.000Z,false,1000,0065h00000IiqmOAAR,JSR finance EC-U Axle,01u5h000005Rx4MAAS,EM005,01t5h000009BDHdAAO,4,1000,4000
00k5h00002zdG2JAAU,11/26/2022T23:05:38.000Z,false,800,0065h00000IiqmOAAR,JSR finance EC-U Gear Box,01u5h000005Rx51AAC,GE001,01t5h000009BDHKAA4,12,800,9600
00k5h00002zdG2eAAE,11/26/2022T23:05:38.000Z,false,300,0065h00000IiqmOAAR,JSR finance EC-U Gear Shaft,01u5h000005Rx52AAC,GE002,01t5h000009BDHiAAO,12,300,3600
00k5h00002zdG2WAAU,11/26/2022T23:06:39.000Z,false,1000,0065h00000IiZdZAAV,Kurt Designers NC Axle,01u5h000005Rx4MAAS,EM005,01t5h000009BDHdAAO,30,1000,30000
00k5h00002zdG2XAAU,11/26/2022T23:06:39.000Z,false,2000,0065h00000IiZdZAAV,Kurt Designers NC Battery,01u5h000005Rx4kAAC,BA001,01t5h000009BDHnAAO,30,2000,60000
00k5h00002zdG2YAAU,11/26/2022T23:10:21.000Z,false,1000,0065h00000IihfZAAR,Burlington Textiles Corp of America EC-U Armature/Rotor,01u5h000005Rx4LAAS,EC002,01t5h000009BDHOAA4,20,1000,20000
00k5h00002zdG38AAE,11/26/2022T23:10:21.000Z,false,1000,0065h00000IihfZAAR,Burlington Textiles Corp of America EC-U Axle,01u5h000005Rx4MAAS,EM005,01t5h000009BDHdAAO,40,1000,40000
00k5h00002zdG39AAE,11/26/2022T23:10:21.000Z,false,800,0065h00000IihfZAAR,Burlington Textiles Corp of America EC-U Gear Box,01u5h000005Rx51AAC,GE001,01t5h000009BDHKAA4,22,800,17600
00k5h00002zdG3AAAU,11/26/2022T23:13:48.000Z,false,1000,0065h00000IiZaQAAV,Vector farms EC-U Axle,01u5h000005Rx4MAAS,EM005,01t5h000009BDHdAAO,30,1000,30000
00k5h00002zdG3BAAU,11/26/2022T23:13:48.000Z,false,300,0065h00000IiZaQAAV,Vector farms EC-U Gear Shaft,01u5h000005Rx52AAC,GE002,01t5h000009BDHiAAO,60,300,18000
00k5h00002zdG3CAAU,11/26/2022T23:13:48.000Z,false,800,0065h00000IiZaQAAV,Vector farms EC-U Gear Box,01u5h000005Rx51AAC,GE001,01t5h000009BDHKAA4,30,800,24000
00k5h00002zdG3rAAE,11/26/2022T23:19:55.000Z,false,1000,0065h00000IiqtdAAB,Pine labs EC-U Axle,01u5h000005Rx4MAAS,EM005,01t5h000009BDHdAAO,70,1000,70000
00k5h00002zdG3sAAE,11/26/2022T23:19:55.000Z,false,400,0065h00000IiqtdAAB,Pine labs EC-U Battery Plates,01u5h000005Rx4mAAC,BA002,01t5h000009BDHeAAO,28,400,11200
00k5h00002zdG2RAAU,11/26/2022T23:02:14.000Z,false,400,0065h00000IiqmWAAR,GenePoint EC-R Battery Plates,01u5h000005Rx4mAAC,BA002,01t5h000009BDHeAAO,20,400,8000
00k5h00002zdG23AAE,11/26/2022T23:07:28.000Z,false,2000,0065h00000IiZnPAAV,NHS Trust NC Pump casing,01u5h000005Rx55AAC,PU002,01t5h000009BDIsAAO,10,2000,20000
00k5h00002zdG24AAE,11/26/2022T23:07:28.000Z,false,3000,0065h00000IiZnPAAV,NHS Trust NC Pump motor,01u5h000005Rx56AAC,PU001,01t5h000009BDInAAO,22,3000,66000
00k5h00002zdG2oAAE,11/26/2022T23:07:54.000Z,false,1000,0065h00000IihWmAAJ,Lenarr EC-U Armature/Rotor,01u5h000005Rx4LAAS,EC002,01t5h000009BDHOAA4,6,1000,6000
00k5h00002zdG2pAAE,11/26/2022T23:07:54.000Z,false,2000,0065h00000IihWmAAJ,Lenarr EC-U Battery,01u5h000005Rx4kAAC,BA001,01t5h000009BDHnAAO,28,2000,56000
00k5h00002zdG2qAAE,11/26/2022T23:09:25.000Z,false,1000,0065h00000IihXiAAJ,Pletho EC-U Armature/Rotor,01u5h000005Rx4LAAS,EC002,01t5h000009BDHOAA4,30,1000,30000
00k5h00002zdG2rAAE,11/26/2022T23:09:25.000Z,false,2000,0065h00000IihXiAAJ,Pletho EC-U Pump casing,01u5h000005Rx55AAC,PU002,01t5h000009BDIsAAO,40,2000,80000
00k5h00002zdG2sAAE,11/26/2022T23:11:40.000Z,false,2000,0065h00000IihdCAAR,Apple Graphics EC-U Battery,01u5h000005Rx4kAAC,BA001,01t5h000009BDHnAAO,20,2000,40000
00k5h00002zdG3DAAU,11/26/2022T23:11:40.000Z,false,500,0065h00000IihdCAAR,Apple Graphics EC-U Battery Anode,01u5h000005Rx4lAAC,BA003,01t5h000009BDITAA4,22,500,11000
00k5h00002zdG3EAAU,11/26/2022T23:11:40.000Z,false,400,0065h00000IihdCAAR,Apple Graphics EC-U Battery Plates,01u5h000005Rx4mAAC,BA002,01t5h000009BDHeAAO,30,400,12000
00k5h00002zdG3IAAU,11/26/2022T23:14:41.000Z,false,3000,0065h00000IihdDAAR,Burlington Textiles Corp of America NC Pump motor,01u5h000005Rx56AAC,PU001,01t5h000009BDInAAO,20,3000,60000
00k5h00002zdG3JAAU,11/26/2022T23:14:41.000Z,false,2000,0065h00000IihdDAAR,Burlington Textiles Corp of America NC Pump casing,01u5h000005Rx55AAC,PU002,01t5h000009BDIsAAO,12,2000,24000
00k5h00002zdG3cAAE,11/26/2022T23:17:09.000Z,false,2000,0065h00000IiqpLAAR,"United Oil, Inc EC-D Battery",01u5h000005Rx4kAAC,BA001,01t5h000009BDHnAAO,12,2000,24000
00k5h00002zdG3dAAE,11/26/2022T23:17:09.000Z,false,400,0065h00000IiqpLAAR,"United Oil, Inc EC-D Battery Plates",01u5h000005Rx4mAAC,BA002,01t5h000009BDHeAAO,56,400,22400
00k5h00002zdG3eAAE,11/26/2022T23:17:09.000Z,false,500,0065h00000IiqpLAAR,"United Oil, Inc EC-D Battery Anode",01u5h000005Rx4lAAC,BA003,01t5h000009BDITAA4,28,500,14000
00k5h00002zdG3KAAU,11/26/2022T23:26:43.000Z,false,3000,0065h00000IiZq9AAF,Lenarr NC Pump motor,01u5h000005Rx56AAC,PU001,01t5h000009BDInAAO,10,3000,30000
00k5h00002zdG3LAAU,11/26/2022T23:26:43.000Z,false,2000,0065h00000IiZq9AAF,Lenarr NC Pump casing,01u5h000005Rx55AAC,PU002,01t5h000009BDIsAAO,20,2000,40000
00k5h00002zdG6bAAE,11/26/2022T23:50:16.000Z,false,2000,0065h00000IihXKAAZ,Tantheta NC Battery,01u5h000005Rx4kAAC,BA001,01t5h000009BDHnAAO,30,2000,60000
00k5h00002zdG6cAAE,11/26/2022T23:50:16.000Z,false,500,0065h00000IihXKAAZ,Tantheta NC Battery Anode,01u5h000005Rx4lAAC,BA003,01t5h000009BDITAA4,30,500,15000
00k5h00002zdG6dAAE,11/26/2022T23:50:16.000Z,false,400,0065h00000IihXKAAZ,Tantheta NC Battery Plates,01u5h000005Rx4mAAC,BA002,01t5h000009BDHeAAO,30,400,12000
00k5h00002zdG6eAAE,11/26/2022T23:57:56.000Z,false,2000,0065h00000IihVoAAJ,University of Central Florida NC Battery,01u5h000005Rx4kAAC,BA001,01t5h000009BDHnAAO,14,2000,28000
00k5h00002zdG6fAAE,11/26/2022T23:57:56.000Z,false,500,0065h00000IihVoAAJ,University of Central Florida NC Battery Anode,01u5h000005Rx4lAAC,BA003,01t5h000009BDITAA4,26,500,13000
00k5h00002zdG6vAAE,11/26/2022T23:57:56.000Z,false,400,0065h00000IihVoAAJ,University of Central Florida NC Battery Plates,01u5h000005Rx4mAAC,BA002,01t5h000009BDHeAAO,20,400,8000
00k5h00002zdG7AAAU,11/27/2022T00:05:33.000Z,false,2000,0065h00000HGjpPAAT,Edge SLA Pump casing,01u5h000005Rx55AAC,PU002,01t5h000009BDIsAAO,14,2000,28000
00k5h00002zdG7BAAU,11/27/2022T00:05:33.000Z,false,3000,0065h00000HGjpPAAT,Edge SLA Pump motor,01u5h000005Rx56AAC,PU001,01t5h000009BDInAAO,18,3000,54000
00k5h00002zdG7UAAU,11/27/2022T00:16:34.000Z,false,3000,0065h00000HGjpUAAT,Express Logistics SLA Pump motor,01u5h000005Rx56AAC,PU001,01t5h000009BDInAAO,55,3000,165000
00k5h00002zdG7VAAU,11/27/2022T00:16:34.000Z,false,2000,0065h00000HGjpUAAT,Express Logistics SLA Pump casing,01u5h000005Rx55AAC,PU002,01t5h000009BDIsAAO,28,2000,56000
00k5h00002zdG2QAAU,11/26/2022T23:02:14.000Z,false,600,0065h00000IiqmWAAR,GenePoint EC-R Brushes,01u5h000005Rx4nAAC,EM004,01t5h000009BDHYAA4,10,600,6000
00k5h00002zdG3RAAU,11/26/2022T23:24:28.000Z,false,1000,0065h00000IihdMAAR,Apple Graphics EC-D Axle,01u5h000005Rx4MAAS,EM005,01t5h000009BDHdAAO,30,1000,30000
00k5h00002zdG4BAAU,11/26/2022T23:24:28.000Z,false,2000,0065h00000IihdMAAR,Apple Graphics EC-D Battery,01u5h000005Rx4kAAC,BA001,01t5h000009BDHnAAO,15,2000,30000
00k5h00002zdG7KAAU,11/27/2022T00:15:19.000Z,false,2000,0065h00000HGjpcAAD,United Oil Plant Standby Generators Battery,01u5h000005Rx4kAAC,BA001,01t5h000009BDHnAAO,24,2000,48000
00k5h00002zdG7LAAU,11/27/2022T00:15:19.000Z,false,500,0065h00000HGjpcAAD,United Oil Plant Standby Generators Battery Anode,01u5h000005Rx4lAAC,BA003,01t5h000009BDITAA4,24,500,12000
00k5h00002zdG7MAAU,11/27/2022T00:15:19.000Z,false,400,0065h00000HGjpcAAD,United Oil Plant Standby Generators Battery Plates,01u5h000005Rx4mAAC,BA002,01t5h000009BDHeAAO,12,400,4800
00k5h00002zdG7CAAU,11/27/2022T00:18:04.000Z,false,3000,0065h00000IijRfAAJ,DS Smith EC-R Pump motor,01u5h000005Rx56AAC,PU001,01t5h000009BDInAAO,30,3000,90000
00k5h00002zdG7fAAE,11/27/2022T00:18:50.000Z,false,2000,0065h00000Iiqn0AAB,sForce EC-U Battery,01u5h000005Rx4kAAC,BA001,01t5h000009BDHnAAO,53,2000,106000
00k5h00002zdG7gAAE,11/27/2022T00:18:50.000Z,false,500,0065h00000Iiqn0AAB,sForce EC-U Battery Anode,01u5h000005Rx4lAAC,BA003,01t5h000009BDITAA4,33,500,16500
00k5h00002zdG7WAAU,11/27/2022T00:20:42.000Z,false,2000,0065h00000IiqqJAAR,"United Oil & Gas, UK EC-U Pump casing",01u5h000005Rx55AAC,PU002,01t5h000009BDIsAAO,28,2000,56000
00k5h00002zdG7XAAU,11/27/2022T00:20:42.000Z,false,2000,0065h00000IiqqJAAR,"United Oil & Gas, UK EC-U Battery",01u5h000005Rx4kAAC,BA001,01t5h000009BDHnAAO,32,2000,64000
00k5h00002zdG7YAAU,11/27/2022T00:30:08.000Z,false,1000,0065h00000IiqoXAAR,United Oil & Gas Corp.  EC-R Axle,01u5h000005Rx4MAAS,EM005,01t5h000009BDHdAAO,30,1000,30000
00k5h00002zdG7yAAE,11/27/2022T00:30:08.000Z,false,2000,0065h00000IiqoXAAR,United Oil & Gas Corp.  EC-R Battery,01u5h000005Rx4kAAC,BA001,01t5h000009BDHnAAO,16,2000,32000
00k5h00002zdG7zAAE,11/27/2022T00:30:08.000Z,false,500,0065h00000IiqoXAAR,United Oil & Gas Corp.  EC-R Battery Anode,01u5h000005Rx4lAAC,BA003,01t5h000009BDITAA4,32,500,16000
00k5h00002zdG7DAAU,11/27/2022T00:18:04.000Z,false,2000,0065h00000IijRfAAJ,DS Smith EC-R Pump casing,01u5h000005Rx55AAC,PU002,01t5h000009BDIsAAO,45,2000,90000
00k5h00002zdG7eAAE,11/27/2022T00:18:50.000Z,false,1000,0065h00000Iiqn0AAB,sForce EC-U Axle,01u5h000005Rx4MAAS,EM005,01t5h000009BDHdAAO,40,1000,40000
00k5h00002zdG5cAAE,11/26/2022T23:37:20.000Z,false,500,0065h00000IijSTAAZ,Finacle EC-R Battery Anode,01u5h000005Rx4lAAC,BA003,01t5h000009BDITAA4,44,500,22000
00k5h00002zdG5dAAE,11/26/2022T23:37:45.000Z,false,2000,0065h00000IijSSAAZ,Finacle nC Battery,01u5h000005Rx4kAAC,BA001,01t5h000009BDHnAAO,20,2000,40000
00k5h00002zdG5YAAU,11/26/2022T23:37:00.000Z,false,500,0065h00000IiqoIAAR,United Oil & Gas Corp. NC Battery Anode,01u5h000005Rx4lAAC,BA003,01t5h000009BDITAA4,40,500,20000
00k5h00002zdG5ZAAU,11/26/2022T23:37:00.000Z,false,400,0065h00000IiqoIAAR,United Oil & Gas Corp. NC Battery Plates,01u5h000005Rx4mAAC,BA002,01t5h000009BDHeAAO,25,400,10000
00k5h00002zdG5aAAE,11/26/2022T23:37:00.000Z,false,600,0065h00000IiqoIAAR,United Oil & Gas Corp. NC Brushes,01u5h000005Rx4nAAC,EM004,01t5h000009BDHYAA4,50,600,30000
00k5h00002zdG5bAAE,11/26/2022T23:37:20.000Z,false,400,0065h00000IijSTAAZ,Finacle EC-R Battery Plates,01u5h000005Rx4mAAC,BA002,01t5h000009BDHeAAO,40,400,16000
00k5h00002zdG5eAAE,11/26/2022T23:37:45.000Z,false,1000,0065h00000IijSSAAZ,Finacle nC Axle,01u5h000005Rx4MAAS,EM005,01t5h000009BDHdAAO,40,1000,40000
00k5h00002zdG5fAAE,11/26/2022T23:43:08.000Z,false,2000,0065h00000HGjpVAAT,University of AZ SLA Battery,01u5h000005Rx4kAAC,BA001,01t5h000009BDHnAAO,22,2000,44000
00k5h00002zdG5gAAE,11/26/2022T23:43:08.000Z,false,500,0065h00000HGjpVAAT,University of AZ SLA Battery Anode,01u5h000005Rx4lAAC,BA003,01t5h000009BDITAA4,44,500,22000
00k5h00002zdG5hAAE,11/26/2022T23:44:57.000Z,false,1000,0065h00000HGjpFAAT,United Oil SLA Axle,01u5h000005Rx4MAAS,EM005,01t5h000009BDHdAAO,15,1000,15000
00k5h00002zdG6RAAU,11/26/2022T23:44:57.000Z,false,500,0065h00000HGjpFAAT,United Oil SLA Battery Anode,01u5h000005Rx4lAAC,BA003,01t5h000009BDITAA4,20,500,10000
00k5h00002zdG6SAAU,11/26/2022T23:44:57.000Z,false,400,0065h00000HGjpFAAT,United Oil SLA Battery Plates,01u5h000005Rx4mAAC,BA002,01t5h000009BDHeAAO,20,400,8000
00k5h00002zdG75AAE,11/27/2022T00:03:16.000Z,false,1000,0065h00000IihanAAB,Apple Graphics NC Axle,01u5h000005Rx4MAAS,EM005,01t5h000009BDHdAAO,28,1000,28000
00k5h00002zdG76AAE,11/27/2022T00:03:16.000Z,false,2000,0065h00000IihanAAB,Apple Graphics NC Battery,01u5h000005Rx4kAAC,BA001,01t5h000009BDHnAAO,18,2000,36000
00k5h00002zdG77AAE,11/27/2022T00:03:16.000Z,false,300,0065h00000IihanAAB,Apple Graphics NC Gear Shaft,01u5h000005Rx52AAC,GE002,01t5h000009BDHiAAO,30,300,9000
00k5h00002zdG78AAE,11/27/2022T00:06:40.000Z,false,600,0065h00000HGjpQAAT,United Oil Installations Brushes,01u5h000005Rx4nAAC,EM004,01t5h000009BDHYAA4,28,600,16800
00k5h00002zdG79AAE,11/27/2022T00:06:40.000Z,false,100,0065h00000HGjpQAAT,United Oil Installations Commutator,01u5h000005Rx4yAAC,EM003,01t5h000009BDHTAA4,56,100,5600
00k5h00002zdG7FAAU,11/27/2022T00:06:40.000Z,false,300,0065h00000HGjpQAAT,United Oil Installations Field Magnet,01u5h000005Rx4zAAC,EM001,01t5h000009BDHJAA4,14,300,4200
00k5h00002zdG7GAAU,11/27/2022T00:06:40.000Z,false,200,0065h00000HGjpQAAT,United Oil Installations Fixed-Base Assembly System,01u5h000005Rx50AAC,,01t5h000006eYvNAAU,12,200,2400
00k5h00002zdG7HAAU,11/27/2022T00:17:29.000Z,false,600,0065h00000IiqmmAAB,sForce EC-D Brushes,01u5h000005Rx4nAAC,EM004,01t5h000009BDHYAA4,18,600,10800
00k5h00002zdG7IAAU,11/27/2022T00:17:30.000Z,false,300,0065h00000IiqmmAAB,sForce EC-D Field Magnet,01u5h000005Rx4zAAC,EM001,01t5h000009BDHJAA4,30,300,9000
00k5h00002zdG7JAAU,11/27/2022T00:17:30.000Z,false,1000,0065h00000IiqmmAAB,sForce EC-D Axle,01u5h000005Rx4MAAS,EM005,01t5h000009BDHdAAO,48,1000,48000
00k5h00002zdG7ZAAU,11/27/2022T00:17:30.000Z,false,1000,0065h00000IiqmmAAB,sForce EC-D Armature/Rotor,01u5h000005Rx4LAAS,EC002,01t5h000009BDHOAA4,48,1000,48000
00k5h00002zdFzkAAE,11/26/2022T22:45:29.000Z,false,500,0065h00000IiqupAAB,Pine labs EC-R Battery Anode,01u5h000005Rx4lAAC,BA003,01t5h000009BDITAA4,17,500,8500
00k5h00002zdFzlAAE,11/26/2022T22:45:29.000Z,false,400,0065h00000IiqupAAB,Pine labs EC-R Battery Plates,01u5h000005Rx4mAAC,BA002,01t5h000009BDHeAAO,19,400,7600
00k5h00002zdFzmAAE,11/26/2022T22:45:29.000Z,false,2000,0065h00000IiqupAAB,Pine labs EC-R Battery,01u5h000005Rx4kAAC,BA001,01t5h000009BDHnAAO,10,2000,20000
00k5h00002zdFznAAE,11/26/2022T22:45:29.000Z,false,600,0065h00000IiqupAAB,Pine labs EC-R Brushes,01u5h000005Rx4nAAC,EM004,01t5h000009BDHYAA4,2,600,1200
00k5h00002zdFzqAAE,11/26/2022T22:45:51.000Z,false,1000,0065h00000IiqsVAAR,DS Smith NC Axle,01u5h000005Rx4MAAS,EM005,01t5h000009BDHdAAO,2,1000,2000
00k5h00002zdFzrAAE,11/26/2022T22:45:51.000Z,false,2000,0065h00000IiqsVAAR,DS Smith NC Battery,01u5h000005Rx4kAAC,BA001,01t5h000009BDHnAAO,20,2000,40000
00k5h00002zdFzsAAE,11/26/2022T22:45:51.000Z,false,500,0065h00000IiqsVAAR,DS Smith NC Battery Anode,01u5h000005Rx4lAAC,BA003,01t5h000009BDITAA4,50,500,25000
00k5h00002zdFzzAAE,11/26/2022T22:46:32.000Z,false,2000,0065h00000IihY7AAJ,Pletho EC-R Pump casing,01u5h000005Rx55AAC,PU002,01t5h000009BDIsAAO,15,2000,30000
00k5h00002zdG00AAE,11/26/2022T22:46:32.000Z,false,3000,0065h00000IihY7AAJ,Pletho EC-R Pump motor,01u5h000005Rx56AAC,PU001,01t5h000009BDInAAO,5,3000,15000
00k5h00002zdG01AAE,11/26/2022T22:46:32.000Z,false,200,0065h00000IihY7AAJ,Pletho EC-R Fixed-Base Assembly System,01u5h000005Rx50AAC,,01t5h000006eYvNAAU,2,200,400
00k5h00002zdG0EAAU,11/26/2022T22:47:15.000Z,false,100,0065h00000IiqsAAAR,JD systems NC Generator Spark plug,01u5h000005Rx54AAC,GR001,01t5h000009BDIYAA4,3,100,300
00k5h00002zdG0FAAU,11/26/2022T22:47:15.000Z,false,500,0065h00000IiqsAAAR,JD systems NC Generator Engine,01u5h000005Rx53AAC,GR002,01t5h000009BDIiAAO,1,500,500
00k5h00002zdG0GAAU,11/26/2022T22:47:15.000Z,false,300,0065h00000IiqsAAAR,JD systems NC Gear Shaft,01u5h000005Rx52AAC,GE002,01t5h000009BDHiAAO,1,300,300
00k5h00002zdG0HAAU,11/26/2022T22:47:15.000Z,false,800,0065h00000IiqsAAAR,JD systems NC Gear Box,01u5h000005Rx51AAC,GE001,01t5h000009BDHKAA4,3,800,2400
00k5h00002zdG0JAAU,11/26/2022T22:47:20.000Z,false,200,0065h00000IihZ0AAJ,WayUp NC Fixed-Base Assembly System,01u5h000005Rx50AAC,,01t5h000006eYvNAAU,3,200,600
00k5h00002zdG0KAAU,11/26/2022T22:47:20.000Z,false,300,0065h00000IihZ0AAJ,WayUp NC Field Magnet,01u5h000005Rx4zAAC,EM001,01t5h000009BDHJAA4,4,300,1200
00k5h00002zdG0LAAU,11/26/2022T22:47:20.000Z,false,500,0065h00000IihZ0AAJ,WayUp NC Battery Anode,01u5h000005Rx4lAAC,BA003,01t5h000009BDITAA4,2,500,1000
00k5h00002zdG0MAAU,11/26/2022T22:47:20.000Z,false,400,0065h00000IihZ0AAJ,WayUp NC Battery Plates,01u5h000005Rx4mAAC,BA002,01t5h000009BDHeAAO,4,400,1600
00k5h00002zdG12AAE,11/26/2022T22:49:56.000Z,false,100,0065h00000IihZkAAJ,Assoc EC-R Generator Spark plug,01u5h000005Rx54AAC,GR001,01t5h000009BDIYAA4,14,100,1400
00k5h00002zdG13AAE,11/26/2022T22:49:56.000Z,false,500,0065h00000IihZkAAJ,Assoc EC-R Generator Engine,01u5h000005Rx53AAC,GR002,01t5h000009BDIiAAO,15,500,7500
00k5h00002zdG14AAE,11/26/2022T22:49:56.000Z,false,300,0065h00000IihZkAAJ,Assoc EC-R Gear Shaft,01u5h000005Rx52AAC,GE002,01t5h000009BDHiAAO,15,300,4500
00k5h00002zdG15AAE,11/26/2022T22:49:56.000Z,false,800,0065h00000IihZkAAJ,Assoc EC-R Gear Box,01u5h000005Rx51AAC,GE001,01t5h000009BDHKAA4,14,800,11200
00k5h00002zdG20AAE,11/26/2022T22:58:37.000Z,false,500,0065h00000IiZaxAAF,B&K EC-D Battery Anode,01u5h000005Rx4lAAC,BA003,01t5h000009BDITAA4,12,500,6000
00k5h00002zdG21AAE,11/26/2022T22:58:37.000Z,false,300,0065h00000IiZaxAAF,B&K EC-D Field Magnet,01u5h000005Rx4zAAC,EM001,01t5h000009BDHJAA4,12,300,3600
00k5h00002zdG22AAE,11/26/2022T22:58:37.000Z,false,600,0065h00000IiZaxAAF,B&K EC-D Brushes,01u5h000005Rx4nAAC,EM004,01t5h000009BDHYAA4,24,600,14400
00k5h00002zdFzYAAU,11/26/2022T23:00:09.000Z,false,2000,0065h00000IihVpAAJ,SGA finance EC-U Pump casing,01u5h000005Rx55AAC,PU002,01t5h000009BDIsAAO,56,2000,112000
00k5h00002zdFzZAAU,11/26/2022T23:00:09.000Z,false,3000,0065h00000IihVpAAJ,SGA finance EC-U Pump motor,01u5h000005Rx56AAC,PU001,01t5h000009BDInAAO,28,3000,84000
00k5h00002zdG2PAAU,11/26/2022T23:02:14.000Z,false,1000,0065h00000IiqmWAAR,GenePoint EC-R Armature/Rotor,01u5h000005Rx4LAAS,EC002,01t5h000009BDHOAA4,20,1000,20000
00k5h00002zdFzpAAE,11/26/2022T22:45:51.000Z,false,1000,0065h00000IiqsVAAR,DS Smith NC Armature/Rotor,01u5h000005Rx4LAAS,EC002,01t5h000009BDHOAA4,20,1000,20000
00k5h00002zdG17AAE,11/26/2022T22:50:14.000Z,false,1000,0065h00000IihL2AAJ,Publix NC-D Armature/Rotor,01u5h000005Rx4LAAS,EC002,01t5h000009BDHOAA4,1,1000,1000
00k5h00002zdG18AAE,11/26/2022T22:50:14.000Z,false,1000,0065h00000IihL2AAJ,Publix NC-D Axle,01u5h000005Rx4MAAS,EM005,01t5h000009BDHdAAO,2,1000,2000
00k5h00002zdG1RAAU,11/26/2022T22:53:29.000Z,false,500,0065h00000HGjpEAAT,United Oil Refinery Generators Battery Anode,01u5h000005Rx4lAAC,BA003,01t5h000009BDITAA4,1,500,500
00k5h00002zdG1SAAU,11/26/2022T22:53:29.000Z,false,2000,0065h00000HGjpEAAT,United Oil Refinery Generators Battery,01u5h000005Rx4kAAC,BA001,01t5h000009BDHnAAO,10,2000,20000
00k5h00002zdG2jAAE,11/26/2022T23:06:05.000Z,false,1000,0065h00000IiZpFAAV,Dickenson plc EC-D Axle,01u5h000005Rx4MAAS,EM005,01t5h000009BDHdAAO,30,1000,30000
00k5h00002zdG2kAAE,11/26/2022T23:06:05.000Z,false,2000,0065h00000IiZpFAAV,Dickenson plc EC-D Battery,01u5h000005Rx4kAAC,BA001,01t5h000009BDHnAAO,30,2000,60000
00k5h00002zdG2lAAE,11/26/2022T23:07:04.000Z,false,1000,0065h00000IiqsoAAB,Crowe EC-U Armature/Rotor,01u5h000005Rx4LAAS,EC002,01t5h000009BDHOAA4,15,1000,15000
00k5h00002zdG2mAAE,11/26/2022T23:07:04.000Z,false,2000,0065h00000IiqsoAAB,Crowe EC-U Battery,01u5h000005Rx4kAAC,BA001,01t5h000009BDHnAAO,30,2000,60000
00k5h00002zdG3YAAU,11/26/2022T23:22:29.000Z,false,500,0065h00000IiqqEAAR,"United Oil & Gas, UK NC Battery Anode",01u5h000005Rx4lAAC,BA003,01t5h000009BDITAA4,25,500,12500
00k5h00002zdG3ZAAU,11/26/2022T23:22:29.000Z,false,400,0065h00000IiqqEAAR,"United Oil & Gas, UK NC Battery Plates",01u5h000005Rx4mAAC,BA002,01t5h000009BDHeAAO,50,400,20000
00k5h00002zdG3aAAE,11/26/2022T23:22:29.000Z,false,2000,0065h00000IiqqEAAR,"United Oil & Gas, UK NC Battery",01u5h000005Rx4kAAC,BA001,01t5h000009BDHnAAO,25,2000,50000
00k5h00002zdG2nAAE,11/26/2022T23:24:02.000Z,false,2000,0065h00000IiqpJAAR,JD systems EC-U Battery,01u5h000005Rx4kAAC,BA001,01t5h000009BDHnAAO,18,2000,36000
00k5h00002zdG46AAE,11/26/2022T23:24:02.000Z,false,600,0065h00000IiqpJAAR,JD systems EC-U Brushes,01u5h000005Rx4nAAC,EM004,01t5h000009BDHYAA4,20,600,12000
00k5h00002zdG3bAAE,11/26/2022T23:25:50.000Z,false,2000,0065h00000IihXJAAZ,SGA finance NC Pump casing,01u5h000005Rx55AAC,PU002,01t5h000009BDIsAAO,60,2000,120000
00k5h00002zdG4kAAE,11/26/2022T23:28:58.000Z,false,2000,0065h00000IiZaOAAV,Veritas EC-U Battery,01u5h000005Rx4kAAC,BA001,01t5h000009BDHnAAO,15,2000,30000
00k5h00002zdG4lAAE,11/26/2022T23:28:58.000Z,false,500,0065h00000IiZaOAAV,Veritas EC-U Battery Anode,01u5h000005Rx4lAAC,BA003,01t5h000009BDITAA4,50,500,25000
00k5h00002zdG4zAAE,11/26/2022T23:31:27.000Z,false,3000,0065h00000IihZVAAZ,Assoc NC Pump motor,01u5h000005Rx56AAC,PU001,01t5h000009BDInAAO,40,3000,120000
00k5h00002zdG50AAE,11/26/2022T23:31:27.000Z,false,2000,0065h00000IihZVAAZ,Assoc NC Pump casing,01u5h000005Rx55AAC,PU002,01t5h000009BDIsAAO,20,2000,40000
00k5h00002zdG4mAAE,11/26/2022T23:32:19.000Z,false,1000,0065h00000IiqoNAAR,United Oil & Gas Corp.  EC-U Armature/Rotor,01u5h000005Rx4LAAS,EC002,01t5h000009BDHOAA4,20,1000,20000
00k5h00002zdG4nAAE,11/26/2022T23:32:19.000Z,false,1000,0065h00000IiqoNAAR,United Oil & Gas Corp.  EC-U Axle,01u5h000005Rx4MAAS,EM005,01t5h000009BDHdAAO,16,1000,16000
00k5h00002zdG4oAAE,11/26/2022T23:32:19.000Z,false,2000,0065h00000IiqoNAAR,United Oil & Gas Corp.  EC-U Battery,01u5h000005Rx4kAAC,BA001,01t5h000009BDHnAAO,34,2000,68000
00k5h00002zdG59AAE,11/26/2022T23:32:19.000Z,false,500,0065h00000IiqoNAAR,United Oil & Gas Corp.  EC-U Battery Anode,01u5h000005Rx4lAAC,BA003,01t5h000009BDITAA4,34,500,17000
00k5h00002zdG5AAAU,11/26/2022T23:35:09.000Z,false,1000,0065h00000IihY8AAJ,Quotient EC-U Axle,01u5h000005Rx4MAAS,EM005,01t5h000009BDHdAAO,200,1000,200000
00k5h00002zdG51AAE,11/26/2022T23:36:11.000Z,false,2000,0065h00000IiZq8AAF,NHS Trust EC-U Battery,01u5h000005Rx4kAAC,BA001,01t5h000009BDHnAAO,40,2000,80000
00k5h00002zdG5nAAE,11/26/2022T23:39:03.000Z,false,400,0065h00000IiZaRAAV,Vector farms EC-R Battery Plates,01u5h000005Rx4mAAC,BA002,01t5h000009BDHeAAO,220,400,88000
00k5h00002zdG5oAAE,11/26/2022T23:39:03.000Z,false,600,0065h00000IiZaRAAV,Vector farms EC-R Brushes,01u5h000005Rx4nAAC,EM004,01t5h000009BDHYAA4,120,600,72000
00k5h00002zdG5pAAE,11/26/2022T23:39:52.000Z,false,2000,0065h00000HGjpSAAT,United Oil Refinery Generators Battery,01u5h000005Rx4kAAC,BA001,01t5h000009BDHnAAO,20,2000,40000
00k5h00002zdG1JAAU,11/26/2022T22:52:20.000Z,false,600,0065h00000IihWzAAJ,Bluespring NC Brushes,01u5h000005Rx4nAAC,EM004,01t5h000009BDHYAA4,32,600,19200
00k5h00002zdG0TAAU,11/26/2022T22:48:12.000Z,false,300,0065h00000IiZokAAF,Kurt Designers EC-U Field Magnet,01u5h000005Rx4zAAC,EM001,01t5h000009BDHJAA4,4,300,1200
00k5h00002zdG0UAAU,11/26/2022T22:48:12.000Z,false,200,0065h00000IiZokAAF,Kurt Designers EC-U Fixed-Base Assembly System,01u5h000005Rx50AAC,,01t5h000006eYvNAAU,1,200,200
00k5h00002zdG0VAAU,11/26/2022T22:48:12.000Z,false,800,0065h00000IiZokAAF,Kurt Designers EC-U Gear Box,01u5h000005Rx51AAC,GE001,01t5h000009BDHKAA4,2,800,1600
00k5h00002zdG4xAAE,11/26/2022T23:32:41.000Z,false,600,0065h00000IiZdXAAV,JM ford EC-R Brushes,01u5h000005Rx4nAAC,EM004,01t5h000009BDHYAA4,32,600,19200
00k5h00002zdG4yAAE,11/26/2022T23:32:41.000Z,false,100,0065h00000IiZdXAAV,JM ford EC-R Commutator,01u5h000005Rx4yAAC,EM003,01t5h000009BDHTAA4,18,100,1800
00k5h00002zdG5EAAU,11/26/2022T23:33:24.000Z,false,500,0065h00000HGjpLAAT,GenePoint Lab Generators Generator Engine,01u5h000005Rx53AAC,GR002,01t5h000009BDIiAAO,20,500,10000
00k5h00002zdG5FAAU,11/26/2022T23:33:24.000Z,false,300,0065h00000HGjpLAAT,GenePoint Lab Generators Gear Shaft,01u5h000005Rx52AAC,GE002,01t5h000009BDHiAAO,40,300,12000
00k5h00002zdG5GAAU,11/26/2022T23:33:24.000Z,false,100,0065h00000HGjpLAAT,GenePoint Lab Generators Generator Spark plug,01u5h000005Rx54AAC,GR001,01t5h000009BDIYAA4,110,100,11000
00k5h00002zdG5HAAU,11/26/2022T23:33:24.000Z,false,800,0065h00000HGjpLAAT,GenePoint Lab Generators Gear Box,01u5h000005Rx51AAC,GE001,01t5h000009BDHKAA4,38,800,30400
00k5h00002zdG5JAAU,11/26/2022T23:33:48.000Z,false,1000,0065h00000IihamAAB,Go2 EC-R Armature/Rotor,01u5h000005Rx4LAAS,EC002,01t5h000009BDHOAA4,14,1000,14000
00k5h00002zdG5KAAU,11/26/2022T23:33:48.000Z,false,2000,0065h00000IihamAAB,Go2 EC-R Battery,01u5h000005Rx4kAAC,BA001,01t5h000009BDHnAAO,42,2000,84000
00k5h00002zdG5LAAU,11/26/2022T23:33:48.000Z,false,300,0065h00000IihamAAB,Go2 EC-R Field Magnet,01u5h000005Rx4zAAC,EM001,01t5h000009BDHJAA4,30,300,9000
00k5h00002zdG5IAAU,11/26/2022T23:34:27.000Z,false,2000,0065h00000IiqowAAB,"United Oil, Inc NC Battery",01u5h000005Rx4kAAC,BA001,01t5h000009BDHnAAO,20,2000,40000
00k5h00002zdG5OAAU,11/26/2022T23:34:27.000Z,false,600,0065h00000IiqowAAB,"United Oil, Inc NC Brushes",01u5h000005Rx4nAAC,EM004,01t5h000009BDHYAA4,22,600,13200
00k5h00002zdG5PAAU,11/26/2022T23:34:27.000Z,false,400,0065h00000IiqowAAB,"United Oil, Inc NC Battery Plates",01u5h000005Rx4mAAC,BA002,01t5h000009BDHeAAO,22,400,8800
00k5h00002zdG5QAAU,11/26/2022T23:36:30.000Z,false,1000,0065h00000IiZpTAAV,Derk Construction EC-D Axle,01u5h000005Rx4MAAS,EM005,01t5h000009BDHdAAO,30,1000,30000
00k5h00002zdG5RAAU,11/26/2022T23:36:30.000Z,false,1000,0065h00000IiZpTAAV,Derk Construction EC-D Armature/Rotor,01u5h000005Rx4LAAS,EC002,01t5h000009BDHOAA4,30,1000,30000
00k5h00002zdG5SAAU,11/26/2022T23:38:11.000Z,false,100,0065h00000IiqslAAB,Pine labs NC Commutator,01u5h000005Rx4yAAC,EM003,01t5h000009BDHTAA4,100,100,10000
00k5h00002zdG5iAAE,11/26/2022T23:38:11.000Z,false,600,0065h00000IiqslAAB,Pine labs NC Brushes,01u5h000005Rx4nAAC,EM004,01t5h000009BDHYAA4,32,600,19200
00k5h00002zdG5jAAE,11/26/2022T23:38:11.000Z,false,400,0065h00000IiqslAAB,Pine labs NC Battery Plates,01u5h000005Rx4mAAC,BA002,01t5h000009BDHeAAO,40,400,16000
00k5h00002zdG5kAAE,11/26/2022T23:38:11.000Z,false,500,0065h00000IiqslAAB,Pine labs NC Battery Anode,01u5h000005Rx4lAAC,BA003,01t5h000009BDITAA4,40,500,20000
00k5h00002zdG5qAAE,11/26/2022T23:39:52.000Z,false,500,0065h00000HGjpSAAT,United Oil Refinery Generators Battery Anode,01u5h000005Rx4lAAC,BA003,01t5h000009BDITAA4,50,500,25000
00k5h00002zdG5rAAE,11/26/2022T23:39:52.000Z,false,400,0065h00000HGjpSAAT,United Oil Refinery Generators Battery Plates,01u5h000005Rx4mAAC,BA002,01t5h000009BDHeAAO,20,400,8000
00k5h00002zdG67AAE,11/26/2022T23:41:40.000Z,false,2000,0065h00000HGjpBAAT,Express Logistics Standby Generator Battery,01u5h000005Rx4kAAC,BA001,01t5h000009BDHnAAO,40,2000,80000
00k5h00002zdG68AAE,11/26/2022T23:41:40.000Z,false,500,0065h00000HGjpBAAT,Express Logistics Standby Generator Battery Anode,01u5h000005Rx4lAAC,BA003,01t5h000009BDITAA4,20,500,10000
00k5h00002zdG6WAAU,11/26/2022T23:46:29.000Z,false,2000,0065h00000HGjpaAAD,United Oil Standby Generators Battery,01u5h000005Rx4kAAC,BA001,01t5h000009BDHnAAO,20,2000,40000
00k5h00002zdG6XAAU,11/26/2022T23:46:29.000Z,false,500,0065h00000HGjpaAAD,United Oil Standby Generators Battery Anode,01u5h000005Rx4lAAC,BA003,01t5h000009BDITAA4,40,500,20000
00k5h00002zdG6YAAU,11/26/2022T23:46:29.000Z,false,400,0065h00000HGjpaAAD,United Oil Standby Generators Battery Plates,01u5h000005Rx4mAAC,BA002,01t5h000009BDHeAAO,20,400,8000
00k5h00002zdG6gAAE,11/26/2022T23:50:44.000Z,false,300,0065h00000IihhDAAR,GB Financials EC-U Field Magnet,01u5h000005Rx4zAAC,EM001,01t5h000009BDHJAA4,20,300,6000
00k5h00002zdG6hAAE,11/26/2022T23:50:44.000Z,false,800,0065h00000IihhDAAR,GB Financials EC-U Gear Box,01u5h000005Rx51AAC,GE001,01t5h000009BDHKAA4,44,800,35200
00k5h00002zdFziAAE,11/26/2022T22:49:22.000Z,false,2000,0065h00000IihZUAAZ,Quotient EC-R Battery,01u5h000005Rx4kAAC,BA001,01t5h000009BDHnAAO,15,2000,30000
00k5h00002zdFzjAAE,11/26/2022T22:49:22.000Z,false,500,0065h00000IihZUAAZ,Quotient EC-R Battery Anode,01u5h000005Rx4lAAC,BA003,01t5h000009BDITAA4,15,500,7500
00k5h00002zdG0sAAE,11/26/2022T22:49:22.000Z,false,400,0065h00000IihZUAAZ,Quotient EC-R Battery Plates,01u5h000005Rx4mAAC,BA002,01t5h000009BDHeAAO,15,400,6000
00k5h00002zdG0tAAE,11/26/2022T22:51:37.000Z,false,1000,0065h00000IiqorAAB,United Oil & Gas Corp.  EC-D Armature/Rotor,01u5h000005Rx4LAAS,EC002,01t5h000009BDHOAA4,20,1000,20000
00k5h00002zdG0uAAE,11/26/2022T22:51:37.000Z,false,1000,0065h00000IiqorAAB,United Oil & Gas Corp.  EC-D Axle,01u5h000005Rx4MAAS,EM005,01t5h000009BDHdAAO,18,1000,18000
00k5h00002zdG0vAAE,11/26/2022T22:51:37.000Z,false,300,0065h00000IiqorAAB,United Oil & Gas Corp.  EC-D Field Magnet,01u5h000005Rx4zAAC,EM001,01t5h000009BDHJAA4,19,300,5700
00k5h00002zdG0wAAE,11/26/2022T22:52:20.000Z,false,1000,0065h00000IihWzAAJ,Bluespring NC Armature/Rotor,01u5h000005Rx4LAAS,EC002,01t5h000009BDHOAA4,30,1000,30000
00k5h00002zdG1HAAU,11/26/2022T22:52:20.000Z,false,1000,0065h00000IihWzAAJ,Bluespring NC Axle,01u5h000005Rx4MAAS,EM005,01t5h000009BDHdAAO,45,1000,45000
00k5h00002zdG1IAAU,11/26/2022T22:52:20.000Z,false,2000,0065h00000IihWzAAJ,Bluespring NC Battery,01u5h000005Rx4kAAC,BA001,01t5h000009BDHnAAO,23,2000,46000
00k5h00002zdG04AAE,11/26/2022T22:46:36.000Z,false,2000,0065h00000Iiqu6AAB,Edge Communications EC-D Pump casing,01u5h000005Rx55AAC,PU002,01t5h000009BDIsAAO,2,2000,4000
00k5h00002zdG05AAE,11/26/2022T22:46:36.000Z,false,3000,0065h00000Iiqu6AAB,Edge Communications EC-D Pump motor,01u5h000005Rx56AAC,PU001,01t5h000009BDInAAO,2,3000,6000
00k5h00002zdG3fAAE,11/26/2022T23:21:33.000Z,false,3000,0065h00000IijXKAAZ,"Google, Inc EC-U Pump motor",01u5h000005Rx56AAC,PU001,01t5h000009BDInAAO,30,3000,90000
00k5h00002zdG3gAAE,11/26/2022T23:21:33.000Z,false,2000,0065h00000IijXKAAZ,"Google, Inc EC-U Pump casing",01u5h000005Rx55AAC,PU002,01t5h000009BDIsAAO,30,2000,60000
00k5h00002zdG4LAAU,11/26/2022T23:25:27.000Z,false,1000,0065h00000IihVTAAZ,University of Central Florida EC-U Armature/Rotor,01u5h000005Rx4LAAS,EC002,01t5h000009BDHOAA4,30,1000,30000
00k5h00002zdG4MAAU,11/26/2022T23:25:27.000Z,false,400,0065h00000IihVTAAZ,University of Central Florida EC-U Battery Plates,01u5h000005Rx4mAAC,BA002,01t5h000009BDHeAAO,15,400,6000
00k5h00002zdG4NAAU,11/26/2022T23:25:27.000Z,false,600,0065h00000IihVTAAZ,University of Central Florida EC-U Brushes,01u5h000005Rx4nAAC,EM004,01t5h000009BDHYAA4,15,600,9000
00k5h00002zdG4OAAU,11/26/2022T23:25:27.000Z,false,100,0065h00000IihVTAAZ,University of Central Florida EC-U Commutator,01u5h000005Rx4yAAC,EM003,01t5h000009BDHTAA4,30,100,3000
00k5h00002zdG4PAAU,11/26/2022T23:27:11.000Z,false,400,0065h00000IiZnOAAV,Kurt Designers Battery Plates,01u5h000005Rx4mAAC,BA002,01t5h000009BDHeAAO,12,400,4800
00k5h00002zdG4VAAU,11/26/2022T23:27:11.000Z,false,500,0065h00000IiZnOAAV,Kurt Designers Battery Anode,01u5h000005Rx4lAAC,BA003,01t5h000009BDITAA4,46,500,23000
00k5h00002zdG4WAAU,11/26/2022T23:27:11.000Z,false,600,0065h00000IiZnOAAV,Kurt Designers Brushes,01u5h000005Rx4nAAC,EM004,01t5h000009BDHYAA4,40,600,24000
00k5h00002zdG4XAAU,11/26/2022T23:27:11.000Z,false,100,0065h00000IiZnOAAV,Kurt Designers Commutator,01u5h000005Rx4yAAC,EM003,01t5h000009BDHTAA4,20,100,2000
00k5h00002zdG4YAAU,11/26/2022T23:27:11.000Z,false,300,0065h00000IiZnOAAV,Kurt Designers Field Magnet,01u5h000005Rx4zAAC,EM001,01t5h000009BDHJAA4,12,300,3600
00k5h00002zdG4uAAE,11/26/2022T23:30:42.000Z,false,2000,0065h00000HGjpdAAD,Edge Emergency Generator Pump casing,01u5h000005Rx55AAC,PU002,01t5h000009BDIsAAO,15,2000,30000
00k5h00002zdG4vAAE,11/26/2022T23:30:42.000Z,false,3000,0065h00000HGjpdAAD,Edge Emergency Generator Pump motor,01u5h000005Rx56AAC,PU001,01t5h000009BDInAAO,15,3000,45000
00k5h00002zdG54AAE,11/26/2022T23:31:57.000Z,false,500,0065h00000IijR1AAJ,DS Smith EC-U Battery Anode,01u5h000005Rx4lAAC,BA003,01t5h000009BDITAA4,19,500,9500
00k5h00002zdG55AAE,11/26/2022T23:31:57.000Z,false,400,0065h00000IijR1AAJ,DS Smith EC-U Battery Plates,01u5h000005Rx4mAAC,BA002,01t5h000009BDHeAAO,19,400,7600
00k5h00002zdG56AAE,11/26/2022T23:31:57.000Z,false,600,0065h00000IijR1AAJ,DS Smith EC-U Brushes,01u5h000005Rx4nAAC,EM004,01t5h000009BDHYAA4,35,600,21000
00k5h00002zdG57AAE,11/26/2022T23:31:57.000Z,false,100,0065h00000IijR1AAJ,DS Smith EC-U Commutator,01u5h000005Rx4yAAC,EM003,01t5h000009BDHTAA4,30,100,3000
00k5h00002zdG58AAE,11/26/2022T23:31:57.000Z,false,800,0065h00000IijR1AAJ,DS Smith EC-U Gear Box,01u5h000005Rx51AAC,GE001,01t5h000009BDHKAA4,20,800,16000
00k5h00002zdG4wAAE,11/26/2022T23:32:41.000Z,false,1000,0065h00000IiZdXAAV,JM ford EC-R Axle,01u5h000005Rx4MAAS,EM005,01t5h000009BDHdAAO,40,1000,40000
